Compound Method,BLANK  BAC-01,BLANK  BAC-01,,BLANK  BAC-02,BLANK  BAC-02,,BLANK  BAC-03,BLANK  BAC-03,,PRO01  BAC-01,PRO01  BAC-01,,PRO02  BAC-02,PRO02  BAC-02,,PRO03  BAC-03,PRO03  BAC-03,,REP01  BAC-01,REP01  BAC-01,,REP02  BAC-02,REP02  BAC-02,,REP03  BAC-03,REP03  BAC-03,,REP04  BAC-01,REP04  BAC-01,,BLANK  BAC-01,BLANK  BAC-01,,BLANK  BAC-02,BLANK  BAC-02,,BLANK  BAC-03,BLANK  BAC-03,,PRO01  BAC-02,PRO01  BAC-02,,PRO02  BAC-03,PRO02  BAC-03,,PRO03  BAC-01,PRO03  BAC-01,,REP01  BAC-02,REP01  BAC-02,,REP02  BAC-03,REP02  BAC-03,,REP03  BAC-01,REP03  BAC-01,,REP04  BAC-02,REP04  BAC-02,,BLANK  BAC01,BLANK  BAC01,,BLANK  BAC02,BLANK  BAC02,,BLANK  BAC03,BLANK  BAC03,,PRO01  BAC-03,PRO01  BAC-03,,PRO02  BAC-01,PRO02  BAC-01,,PRO03  BAC-02,PRO03  BAC-02,,REP01  BAC-03,REP01  BAC-03,,REP02  BAC-01,REP02  BAC-01,,REP03  BAC-02,REP03  BAC-02,,REP04  BAC-03,REP04  BAC-03,
Name,Data File,RT,Resp.,Data File,RT,Resp.,Data File,RT,Resp.,Data File,RT,Resp.,Data File,RT,Resp.,Data File,RT,Resp.,Data File,RT,Resp.,Data File,RT,Resp.,Data File,RT,Resp.,Data File,RT,Resp.,Data File,RT,Resp.,Data File,RT,Resp.,Data File,RT,Resp.,Data File,RT,Resp.,Data File,RT,Resp.,Data File,RT,Resp.,Data File,RT,Resp.,Data File,RT,Resp.,Data File,RT,Resp.,Data File,RT,Resp.,Data File,RT,Resp.,Data File,RT,Resp.,Data File,RT,Resp.,Data File,RT,Resp.,Data File,RT,Resp.,Data File,RT,Resp.,Data File,RT,Resp.,Data File,RT,Resp.,Data File,RT,Resp.,Data File,RT,Resp.
Methanethiol,JTB-E02-199-06.D,2.558,1978,JTB-E02-199-07.D,2.566,1068,JTB-E02-199-08.D,2.542,667,JTB-E02-199-11.D,2.575,167476,JTB-E02-199-12.D,,,JTB-E02-199-13.D,2.575,320134,JTB-E02-199-14.D,2.558,112276,JTB-E02-199-15.D,2.566,179026,JTB-E02-199-16.D,2.558,397002,JTB-E02-199-17.D,2.567,228974,JTB-E02-200-06.D,2.566,458,JTB-E02-200-07.D,2.566,2608,JTB-E02-200-08.D,2.566,1471,JTB-E02-200-11.D,2.566,61078,JTB-E02-200-12.D,2.566,119351,JTB-E02-200-13.D,2.566,71520,JTB-E02-200-14.D,2.566,74178,JTB-E02-200-15.D,2.566,149215,JTB-E02-200-16.D,2.567,85839,JTB-E02-200-17.D,2.566,70616,JTB-E02-201-06.D,2.566,1330,JTB-E02-201-07.D,2.574,739,JTB-E02-201-08.D,2.566,83,JTB-E02-201-11.D,2.566,37920,JTB-E02-201-12.D,2.575,24292,JTB-E02-201-13.D,2.566,40427,JTB-E02-201-14.D,2.566,51738,JTB-E02-201-15.D,2.567,59083,JTB-E02-201-16.D,2.566,51996,JTB-E02-201-17.D,2.550,51239
Carbon dioxide,JTB-E02-199-06.D,2.282,5302940,JTB-E02-199-07.D,2.282,5363607,JTB-E02-199-08.D,2.274,2575301,JTB-E02-199-11.D,2.290,1892287,JTB-E02-199-12.D,,,JTB-E02-199-13.D,2.290,4548077,JTB-E02-199-14.D,2.274,1095788,JTB-E02-199-15.D,2.282,1756727,JTB-E02-199-16.D,2.274,3196963,JTB-E02-199-17.D,2.282,2511928,JTB-E02-200-06.D,2.274,4001800,JTB-E02-200-07.D,2.282,3336627,JTB-E02-200-08.D,2.282,4900740,JTB-E02-200-11.D,2.282,1735458,JTB-E02-200-12.D,2.274,2295723,JTB-E02-200-13.D,2.282,1985829,JTB-E02-200-14.D,2.282,1829345,JTB-E02-200-15.D,2.282,2466417,JTB-E02-200-16.D,2.282,2089751,JTB-E02-200-17.D,2.282,1791919,JTB-E02-201-06.D,2.282,4184440,JTB-E02-201-07.D,2.282,3961639,JTB-E02-201-08.D,2.282,3051267,JTB-E02-201-11.D,2.282,3533076,JTB-E02-201-12.D,2.282,1837682,JTB-E02-201-13.D,2.282,1930663,JTB-E02-201-14.D,2.282,2081449,JTB-E02-201-15.D,2.282,1947515,JTB-E02-201-16.D,2.282,1816489,JTB-E02-201-17.D,2.266,2034952
Acetaldehyde,JTB-E02-199-06.D,2.607,24433,JTB-E02-199-07.D,2.599,14948,JTB-E02-199-08.D,2.607,17794,JTB-E02-199-11.D,2.623,523582,JTB-E02-199-12.D,2.615,1389,JTB-E02-199-13.D,2.623,581774,JTB-E02-199-14.D,2.607,245633,JTB-E02-199-15.D,2.623,193022,JTB-E02-199-16.D,2.607,282003,JTB-E02-199-17.D,2.615,201606,JTB-E02-200-06.D,2.615,22093,JTB-E02-200-07.D,2.623,14663,JTB-E02-200-08.D,2.623,33231,JTB-E02-200-11.D,2.615,968016,JTB-E02-200-12.D,2.615,1023846,JTB-E02-200-13.D,2.615,958880,JTB-E02-200-14.D,2.623,180535,JTB-E02-200-15.D,2.623,40898,JTB-E02-200-16.D,2.615,148084,JTB-E02-200-17.D,2.623,51857,JTB-E02-201-06.D,2.623,15719,JTB-E02-201-07.D,2.623,17126,JTB-E02-201-08.D,2.623,6637,JTB-E02-201-11.D,2.615,1030323,JTB-E02-201-12.D,2.623,1032459,JTB-E02-201-13.D,2.623,994683,JTB-E02-201-14.D,2.623,174313,JTB-E02-201-15.D,2.615,32035,JTB-E02-201-16.D,2.615,106642,JTB-E02-201-17.D,2.607,80409
Dimethyl sulfide,JTB-E02-199-06.D,2.802,308,JTB-E02-199-07.D,2.794,856,JTB-E02-199-08.D,2.810,251,JTB-E02-199-11.D,2.794,1682595,JTB-E02-199-12.D,2.810,124,JTB-E02-199-13.D,2.802,2062932,JTB-E02-199-14.D,2.778,1690275,JTB-E02-199-15.D,2.794,2691172,JTB-E02-199-16.D,2.786,2019156,JTB-E02-199-17.D,2.794,2190417,JTB-E02-200-06.D,2.794,3293,JTB-E02-200-07.D,2.802,4765,JTB-E02-200-08.D,2.802,3554,JTB-E02-200-11.D,2.794,816112,JTB-E02-200-12.D,2.786,961351,JTB-E02-200-13.D,2.794,556433,JTB-E02-200-14.D,2.794,501599,JTB-E02-200-15.D,2.794,930731,JTB-E02-200-16.D,2.794,806868,JTB-E02-200-17.D,2.794,710917,JTB-E02-201-06.D,2.802,4150,JTB-E02-201-07.D,2.794,3834,JTB-E02-201-08.D,2.810,652,JTB-E02-201-11.D,2.794,336476,JTB-E02-201-12.D,2.802,380022,JTB-E02-201-13.D,2.794,244012,JTB-E02-201-14.D,2.794,238899,JTB-E02-201-15.D,2.794,375734,JTB-E02-201-16.D,2.794,355262,JTB-E02-201-17.D,2.778,235126
Octane,JTB-E02-199-06.D,3.013,2878,JTB-E02-199-07.D,3.013,2575,JTB-E02-199-08.D,3.038,488,JTB-E02-199-11.D,3.013,74278,JTB-E02-199-12.D,,,JTB-E02-199-13.D,3.021,61440,JTB-E02-199-14.D,3.005,61406,JTB-E02-199-15.D,3.021,48635,JTB-E02-199-16.D,3.005,35924,JTB-E02-199-17.D,3.013,45373,JTB-E02-200-06.D,3.013,3051,JTB-E02-200-07.D,3.013,1940,JTB-E02-200-08.D,3.013,1181,JTB-E02-200-11.D,3.013,17491,JTB-E02-200-12.D,3.013,21160,JTB-E02-200-13.D,3.021,101166,JTB-E02-200-14.D,3.013,31561,JTB-E02-200-15.D,3.021,38873,JTB-E02-200-16.D,3.013,73977,JTB-E02-200-17.D,3.013,71539,JTB-E02-201-06.D,3.013,3990,JTB-E02-201-07.D,3.013,2240,JTB-E02-201-08.D,2.997,533,JTB-E02-201-11.D,3.013,11129,JTB-E02-201-12.D,3.021,8011,JTB-E02-201-13.D,3.021,12046,JTB-E02-201-14.D,3.013,12145,JTB-E02-201-15.D,3.013,16447,JTB-E02-201-16.D,3.013,23353,JTB-E02-201-17.D,3.005,27198
Acetone,JTB-E02-199-06.D,3.119,92268,JTB-E02-199-07.D,3.119,105221,JTB-E02-199-08.D,3.119,1191,JTB-E02-199-11.D,3.119,5693340,JTB-E02-199-12.D,3.143,1852,JTB-E02-199-13.D,3.127,6358567,JTB-E02-199-14.D,3.111,4790925,JTB-E02-199-15.D,3.119,6592300,JTB-E02-199-16.D,3.111,5677543,JTB-E02-199-17.D,3.119,6422850,JTB-E02-200-06.D,3.111,20505,JTB-E02-200-07.D,3.119,48775,JTB-E02-200-08.D,3.119,26734,JTB-E02-200-11.D,3.119,8497533,JTB-E02-200-12.D,3.111,7715847,JTB-E02-200-13.D,3.119,7910559,JTB-E02-200-14.D,3.119,7714885,JTB-E02-200-15.D,3.119,6994941,JTB-E02-200-16.D,3.119,7297014,JTB-E02-200-17.D,3.119,7621361,JTB-E02-201-06.D,3.119,22288,JTB-E02-201-07.D,3.119,39413,JTB-E02-201-08.D,3.119,3018,JTB-E02-201-11.D,3.119,8667775,JTB-E02-201-12.D,3.127,8565014,JTB-E02-201-13.D,3.119,8989245,JTB-E02-201-14.D,3.119,7930285,JTB-E02-201-15.D,3.119,7660158,JTB-E02-201-16.D,3.119,9214362,JTB-E02-201-17.D,3.102,7554658
"Acetic acid, methyl ester",JTB-E02-199-06.D,,,JTB-E02-199-07.D,,,JTB-E02-199-08.D,3.192,589,JTB-E02-199-11.D,3.200,1074820,JTB-E02-199-12.D,3.233,59244,JTB-E02-199-13.D,3.208,797883,JTB-E02-199-14.D,3.192,1257198,JTB-E02-199-15.D,3.200,1492757,JTB-E02-199-16.D,3.192,1511188,JTB-E02-199-17.D,3.200,1176010,JTB-E02-200-06.D,,,JTB-E02-200-07.D,3.216,1247,JTB-E02-200-08.D,3.208,2251,JTB-E02-200-11.D,3.208,897669,JTB-E02-200-12.D,3.200,1187097,JTB-E02-200-13.D,3.208,901129,JTB-E02-200-14.D,3.200,1118434,JTB-E02-200-15.D,3.200,1158270,JTB-E02-200-16.D,3.200,1171401,JTB-E02-200-17.D,3.200,1206224,JTB-E02-201-06.D,3.208,5898,JTB-E02-201-07.D,,,JTB-E02-201-08.D,3.232,1206,JTB-E02-201-11.D,3.200,948851,JTB-E02-201-12.D,3.208,749606,JTB-E02-201-13.D,3.208,808683,JTB-E02-201-14.D,3.200,1031965,JTB-E02-201-15.D,3.200,1114122,JTB-E02-201-16.D,3.200,1219627,JTB-E02-201-17.D,3.184,1368039
"Cyclotrisiloxane, hexamethyl-",JTB-E02-199-06.D,3.330,28136081,JTB-E02-199-07.D,3.330,24273647,JTB-E02-199-08.D,3.314,104588,JTB-E02-199-11.D,3.322,13775012,JTB-E02-199-12.D,3.330,21578,JTB-E02-199-13.D,3.330,6849020,JTB-E02-199-14.D,3.306,8313397,JTB-E02-199-15.D,3.322,7894073,JTB-E02-199-16.D,3.314,8182877,JTB-E02-199-17.D,3.322,9698806,JTB-E02-200-06.D,3.314,12727396,JTB-E02-200-07.D,3.330,6407178,JTB-E02-200-08.D,3.322,5341698,JTB-E02-200-11.D,3.322,11607078,JTB-E02-200-12.D,3.314,10748116,JTB-E02-200-13.D,3.322,10290860,JTB-E02-200-14.D,3.322,8286173,JTB-E02-200-15.D,3.322,7510658,JTB-E02-200-16.D,3.322,8974507,JTB-E02-200-17.D,3.322,6845982,JTB-E02-201-06.D,3.322,8526185,JTB-E02-201-07.D,3.322,10298470,JTB-E02-201-08.D,3.330,508058,JTB-E02-201-11.D,3.322,12945037,JTB-E02-201-12.D,3.330,3067655,JTB-E02-201-13.D,3.330,6210797,JTB-E02-201-14.D,3.322,5674588,JTB-E02-201-15.D,3.322,6510833,JTB-E02-201-16.D,3.322,6625488,JTB-E02-201-17.D,3.306,4401428
Ethyl acetate,JTB-E02-199-06.D,3.696,6683,JTB-E02-199-07.D,3.695,10141,JTB-E02-199-08.D,3.679,876,JTB-E02-199-11.D,3.688,18201009,JTB-E02-199-12.D,3.696,5354657,JTB-E02-199-13.D,3.704,16632720,JTB-E02-199-14.D,3.679,19194227,JTB-E02-199-15.D,3.696,22655064,JTB-E02-199-16.D,3.688,19178244,JTB-E02-199-17.D,3.696,21065225,JTB-E02-200-06.D,3.687,23060,JTB-E02-200-07.D,3.704,6205,JTB-E02-200-08.D,3.704,12627,JTB-E02-200-11.D,3.696,15625528,JTB-E02-200-12.D,3.687,17170824,JTB-E02-200-13.D,3.696,14835117,JTB-E02-200-14.D,3.687,16777552,JTB-E02-200-15.D,3.687,18740921,JTB-E02-200-16.D,3.688,17395083,JTB-E02-200-17.D,3.687,17927884,JTB-E02-201-06.D,3.696,8614,JTB-E02-201-07.D,3.695,2537,JTB-E02-201-08.D,3.712,2450,JTB-E02-201-11.D,3.696,11815125,JTB-E02-201-12.D,3.704,11344316,JTB-E02-201-13.D,3.696,11782458,JTB-E02-201-14.D,3.687,11874425,JTB-E02-201-15.D,3.688,14065588,JTB-E02-201-16.D,3.687,15649411,JTB-E02-201-17.D,3.671,10207613
2-Butanone,JTB-E02-199-06.D,3.826,23433,JTB-E02-199-07.D,3.825,69071,JTB-E02-199-08.D,,,JTB-E02-199-11.D,3.826,2510705,JTB-E02-199-12.D,3.858,4432,JTB-E02-199-13.D,3.834,1768726,JTB-E02-199-14.D,3.817,2696591,JTB-E02-199-15.D,3.826,3089642,JTB-E02-199-16.D,3.818,3158300,JTB-E02-199-17.D,3.826,2771034,JTB-E02-200-06.D,3.826,4972,JTB-E02-200-07.D,3.834,8057,JTB-E02-200-08.D,3.834,9944,JTB-E02-200-11.D,3.834,2582177,JTB-E02-200-12.D,3.826,2301917,JTB-E02-200-13.D,3.834,2787504,JTB-E02-200-14.D,3.826,2968513,JTB-E02-200-15.D,3.825,3028690,JTB-E02-200-16.D,3.826,2934122,JTB-E02-200-17.D,3.825,3244318,JTB-E02-201-06.D,3.826,5669,JTB-E02-201-07.D,3.825,4688,JTB-E02-201-08.D,3.834,416,JTB-E02-201-11.D,3.834,2666361,JTB-E02-201-12.D,3.834,2288176,JTB-E02-201-13.D,3.834,2800167,JTB-E02-201-14.D,3.825,2879665,JTB-E02-201-15.D,3.826,2982120,JTB-E02-201-16.D,3.825,3421762,JTB-E02-201-17.D,3.809,2986428
"Butanal, 2-methyl-",JTB-E02-199-06.D,3.980,974,JTB-E02-199-07.D,3.955,292,JTB-E02-199-08.D,3.988,479,JTB-E02-199-11.D,3.972,2183354,JTB-E02-199-12.D,,,JTB-E02-199-13.D,3.988,2458840,JTB-E02-199-14.D,3.972,1566298,JTB-E02-199-15.D,3.980,1768847,JTB-E02-199-16.D,3.964,1481829,JTB-E02-199-17.D,3.972,1692874,JTB-E02-200-06.D,,,JTB-E02-200-07.D,3.980,2262,JTB-E02-200-08.D,3.988,2731,JTB-E02-200-11.D,3.980,3754551,JTB-E02-200-12.D,3.972,3600265,JTB-E02-200-13.D,3.980,3265738,JTB-E02-200-14.D,3.972,1233914,JTB-E02-200-15.D,3.972,43135,JTB-E02-200-16.D,3.972,1448802,JTB-E02-200-17.D,3.972,1025258,JTB-E02-201-06.D,3.972,548,JTB-E02-201-07.D,3.996,652,JTB-E02-201-08.D,3.964,296,JTB-E02-201-11.D,3.980,3565851,JTB-E02-201-12.D,3.988,3880850,JTB-E02-201-13.D,3.980,3563254,JTB-E02-201-14.D,3.972,1151915,JTB-E02-201-15.D,3.972,105584,JTB-E02-201-16.D,3.972,1372389,JTB-E02-201-17.D,3.964,739735
"Butanal, 3-methyl-",JTB-E02-199-06.D,4.012,5342,JTB-E02-199-07.D,4.012,2740,JTB-E02-199-08.D,4.045,1079,JTB-E02-199-11.D,4.021,7859794,JTB-E02-199-12.D,,,JTB-E02-199-13.D,4.037,8404684,JTB-E02-199-14.D,4.012,2600090,JTB-E02-199-15.D,4.029,2848369,JTB-E02-199-16.D,4.012,2446137,JTB-E02-199-17.D,4.021,2957384,JTB-E02-200-06.D,4.020,7752,JTB-E02-200-07.D,4.053,6367,JTB-E02-200-08.D,4.029,7285,JTB-E02-200-11.D,4.029,13286991,JTB-E02-200-12.D,4.021,13078522,JTB-E02-200-13.D,4.029,11843235,JTB-E02-200-14.D,4.020,813434,JTB-E02-200-15.D,4.020,427038,JTB-E02-200-16.D,4.021,1447446,JTB-E02-200-17.D,4.020,1787974,JTB-E02-201-06.D,4.045,8271,JTB-E02-201-07.D,4.028,5531,JTB-E02-201-08.D,4.020,2381,JTB-E02-201-11.D,4.029,12758112,JTB-E02-201-12.D,4.037,12976811,JTB-E02-201-13.D,4.029,12864993,JTB-E02-201-14.D,4.020,957147,JTB-E02-201-15.D,4.021,498518,JTB-E02-201-16.D,4.020,1274087,JTB-E02-201-17.D,4.012,1127345
Methylene chloride,JTB-E02-199-06.D,4.159,106126,JTB-E02-199-07.D,4.158,141448,JTB-E02-199-08.D,4.175,114,JTB-E02-199-11.D,4.159,39206,JTB-E02-199-12.D,4.183,100,JTB-E02-199-13.D,4.175,46182,JTB-E02-199-14.D,4.150,27974,JTB-E02-199-15.D,4.159,5225,JTB-E02-199-16.D,4.151,56251,JTB-E02-199-17.D,4.159,108047,JTB-E02-200-06.D,4.159,179627,JTB-E02-200-07.D,4.167,266193,JTB-E02-200-08.D,4.167,216658,JTB-E02-200-11.D,4.167,11453,JTB-E02-200-12.D,4.159,8544,JTB-E02-200-13.D,4.167,19524,JTB-E02-200-14.D,4.167,17362,JTB-E02-200-15.D,4.158,26254,JTB-E02-200-16.D,4.159,562046,JTB-E02-200-17.D,4.158,58074,JTB-E02-201-06.D,4.159,114842,JTB-E02-201-07.D,4.158,109713,JTB-E02-201-08.D,4.175,10021,JTB-E02-201-11.D,4.167,74315,JTB-E02-201-12.D,4.175,8696,JTB-E02-201-13.D,4.175,16178,JTB-E02-201-14.D,4.167,14351,JTB-E02-201-15.D,4.167,13884,JTB-E02-201-16.D,4.158,61721,JTB-E02-201-17.D,4.142,14034
Ethanol,JTB-E02-199-06.D,4.248,23336,JTB-E02-199-07.D,4.248,27828,JTB-E02-199-08.D,4.240,1633,JTB-E02-199-11.D,4.248,17927295,JTB-E02-199-12.D,,,JTB-E02-199-13.D,4.256,12516915,JTB-E02-199-14.D,4.240,18793497,JTB-E02-199-15.D,4.248,22597708,JTB-E02-199-16.D,4.240,19372239,JTB-E02-199-17.D,4.248,21868818,JTB-E02-200-06.D,4.240,54139,JTB-E02-200-07.D,4.256,67036,JTB-E02-200-08.D,4.248,59874,JTB-E02-200-11.D,4.256,19968871,JTB-E02-200-12.D,4.248,20818785,JTB-E02-200-13.D,4.256,20109736,JTB-E02-200-14.D,4.248,21764747,JTB-E02-200-15.D,4.248,22090296,JTB-E02-200-16.D,4.248,22037736,JTB-E02-200-17.D,4.248,21540849,JTB-E02-201-06.D,4.248,51003,JTB-E02-201-07.D,4.248,43316,JTB-E02-201-08.D,4.248,4783,JTB-E02-201-11.D,4.248,18685345,JTB-E02-201-12.D,4.256,13194824,JTB-E02-201-13.D,4.256,19708711,JTB-E02-201-14.D,4.248,20769219,JTB-E02-201-15.D,4.248,22141884,JTB-E02-201-16.D,4.248,22168131,JTB-E02-201-17.D,4.232,15987918
"Furan, 2-butyltetrahydro-",JTB-E02-199-06.D,4.646,116,JTB-E02-199-07.D,4.670,2632,JTB-E02-199-08.D,4.638,123,JTB-E02-199-11.D,4.654,749347,JTB-E02-199-12.D,4.646,947,JTB-E02-199-13.D,4.662,779645,JTB-E02-199-14.D,4.646,866637,JTB-E02-199-15.D,4.654,1161168,JTB-E02-199-16.D,4.646,956130,JTB-E02-199-17.D,4.654,1051559,JTB-E02-200-06.D,4.630,172,JTB-E02-200-07.D,4.654,618,JTB-E02-200-08.D,4.670,122,JTB-E02-200-11.D,4.662,545425,JTB-E02-200-12.D,4.654,626851,JTB-E02-200-13.D,4.662,552347,JTB-E02-200-14.D,4.654,545995,JTB-E02-200-15.D,4.654,699319,JTB-E02-200-16.D,4.654,638728,JTB-E02-200-17.D,4.654,655116,JTB-E02-201-06.D,4.662,2079,JTB-E02-201-07.D,4.662,1136,JTB-E02-201-08.D,4.670,1200,JTB-E02-201-11.D,4.662,354166,JTB-E02-201-12.D,4.662,257286,JTB-E02-201-13.D,4.662,380073,JTB-E02-201-14.D,4.646,338075,JTB-E02-201-15.D,4.646,433877,JTB-E02-201-16.D,4.646,484177,JTB-E02-201-17.D,4.638,344370
"Cyclotetrasiloxane, octamethyl-",JTB-E02-199-06.D,4.979,8242775,JTB-E02-199-07.D,4.979,5958003,JTB-E02-199-08.D,4.971,41334,JTB-E02-199-11.D,4.979,2879022,JTB-E02-199-12.D,4.971,20737,JTB-E02-199-13.D,4.995,2145185,JTB-E02-199-14.D,4.979,1839097,JTB-E02-199-15.D,4.979,969317,JTB-E02-199-16.D,4.971,1810296,JTB-E02-199-17.D,4.979,1882382,JTB-E02-200-06.D,4.979,4702060,JTB-E02-200-07.D,4.995,3815935,JTB-E02-200-08.D,4.987,1090729,JTB-E02-200-11.D,4.987,1965965,JTB-E02-200-12.D,4.979,1760177,JTB-E02-200-13.D,4.995,3575746,JTB-E02-200-14.D,4.979,2945600,JTB-E02-200-15.D,4.979,2452600,JTB-E02-200-16.D,4.979,3284957,JTB-E02-200-17.D,4.979,2766094,JTB-E02-201-06.D,4.979,3346932,JTB-E02-201-07.D,4.979,2262614,JTB-E02-201-08.D,4.995,792102,JTB-E02-201-11.D,4.987,2987027,JTB-E02-201-12.D,4.995,3312859,JTB-E02-201-13.D,4.995,3294699,JTB-E02-201-14.D,4.979,2935320,JTB-E02-201-15.D,4.979,3387027,JTB-E02-201-16.D,4.979,3655437,JTB-E02-201-17.D,4.971,2361540
"Carbonic acid, dimethyl ester",JTB-E02-199-06.D,,,JTB-E02-199-07.D,5.052,430,JTB-E02-199-08.D,5.036,500,JTB-E02-199-11.D,5.052,266684,JTB-E02-199-12.D,5.036,3270,JTB-E02-199-13.D,5.068,234972,JTB-E02-199-14.D,5.052,306160,JTB-E02-199-15.D,5.052,382875,JTB-E02-199-16.D,5.044,366460,JTB-E02-199-17.D,5.052,329342,JTB-E02-200-06.D,5.044,989,JTB-E02-200-07.D,5.060,283,JTB-E02-200-08.D,5.036,1637,JTB-E02-200-11.D,5.060,104779,JTB-E02-200-12.D,5.052,290598,JTB-E02-200-13.D,5.060,104478,JTB-E02-200-14.D,5.052,298156,JTB-E02-200-15.D,5.052,331356,JTB-E02-200-16.D,5.052,283686,JTB-E02-200-17.D,5.052,292373,JTB-E02-201-06.D,,,JTB-E02-201-07.D,,,JTB-E02-201-08.D,5.020,982,JTB-E02-201-11.D,5.060,204613,JTB-E02-201-12.D,5.068,180828,JTB-E02-201-13.D,5.068,200796,JTB-E02-201-14.D,5.052,240988,JTB-E02-201-15.D,5.052,269820,JTB-E02-201-16.D,5.052,295619,JTB-E02-201-17.D,5.044,263322
"2-Pentene, 2,4-dimethyl-",JTB-E02-199-06.D,5.206,200,JTB-E02-199-07.D,5.206,680,JTB-E02-199-08.D,5.166,328,JTB-E02-199-11.D,5.182,88357,JTB-E02-199-12.D,,,JTB-E02-199-13.D,5.190,61690,JTB-E02-199-14.D,5.182,112546,JTB-E02-199-15.D,5.174,146739,JTB-E02-199-16.D,5.174,110623,JTB-E02-199-17.D,5.182,129864,JTB-E02-200-06.D,5.198,493,JTB-E02-200-07.D,5.182,170,JTB-E02-200-08.D,5.158,539,JTB-E02-200-11.D,5.190,73013,JTB-E02-200-12.D,5.182,81654,JTB-E02-200-13.D,5.182,76136,JTB-E02-200-14.D,5.182,73124,JTB-E02-200-15.D,5.182,90145,JTB-E02-200-16.D,5.174,85380,JTB-E02-200-17.D,5.182,88238,JTB-E02-201-06.D,5.150,147,JTB-E02-201-07.D,5.190,219,JTB-E02-201-08.D,5.198,500,JTB-E02-201-11.D,5.190,49325,JTB-E02-201-12.D,5.190,49832,JTB-E02-201-13.D,5.190,49657,JTB-E02-201-14.D,5.182,43185,JTB-E02-201-15.D,5.174,58348,JTB-E02-201-16.D,5.174,64652,JTB-E02-201-17.D,5.166,44570
Methyl Isobutyl Ketone,JTB-E02-199-06.D,5.345,2201,JTB-E02-199-07.D,5.377,1116,JTB-E02-199-08.D,5.345,549,JTB-E02-199-11.D,5.353,57668,JTB-E02-199-12.D,5.336,122456,JTB-E02-199-13.D,5.369,72262,JTB-E02-199-14.D,5.353,60309,JTB-E02-199-15.D,5.353,92141,JTB-E02-199-16.D,5.345,65504,JTB-E02-199-17.D,5.353,77895,JTB-E02-200-06.D,5.328,2115,JTB-E02-200-07.D,,,JTB-E02-200-08.D,5.353,2400,JTB-E02-200-11.D,5.361,60372,JTB-E02-200-12.D,5.353,66068,JTB-E02-200-13.D,5.369,45145,JTB-E02-200-14.D,5.353,49948,JTB-E02-200-15.D,5.353,59492,JTB-E02-200-16.D,5.353,62433,JTB-E02-200-17.D,5.353,52220,JTB-E02-201-06.D,5.361,1191,JTB-E02-201-07.D,5.353,187,JTB-E02-201-08.D,5.353,387,JTB-E02-201-11.D,5.361,40581,JTB-E02-201-12.D,5.369,41335,JTB-E02-201-13.D,5.361,33034,JTB-E02-201-14.D,5.353,35865,JTB-E02-201-15.D,5.353,38968,JTB-E02-201-16.D,5.353,48916,JTB-E02-201-17.D,5.344,43894
"Butanoic acid, 2-methyl-, methyl ester",JTB-E02-199-06.D,,,JTB-E02-199-07.D,5.393,170,JTB-E02-199-08.D,5.410,693,JTB-E02-199-11.D,5.410,60512,JTB-E02-199-12.D,,,JTB-E02-199-13.D,5.434,61194,JTB-E02-199-14.D,5.410,67691,JTB-E02-199-15.D,5.418,95489,JTB-E02-199-16.D,5.410,85153,JTB-E02-199-17.D,5.410,57386,JTB-E02-200-06.D,5.434,288,JTB-E02-200-07.D,5.409,949,JTB-E02-200-08.D,5.426,365,JTB-E02-200-11.D,5.426,25244,JTB-E02-200-12.D,5.418,32893,JTB-E02-200-13.D,5.426,27597,JTB-E02-200-14.D,5.410,26428,JTB-E02-200-15.D,5.409,36289,JTB-E02-200-16.D,5.410,30479,JTB-E02-200-17.D,5.409,28778,JTB-E02-201-06.D,5.418,367,JTB-E02-201-07.D,,,JTB-E02-201-08.D,5.434,170,JTB-E02-201-11.D,5.418,10509,JTB-E02-201-12.D,5.426,13208,JTB-E02-201-13.D,5.434,12158,JTB-E02-201-14.D,5.418,11726,JTB-E02-201-15.D,5.410,16043,JTB-E02-201-16.D,5.418,18522,JTB-E02-201-17.D,5.401,11897
Isobutyl acetate,JTB-E02-199-06.D,5.458,861,JTB-E02-199-07.D,5.491,548,JTB-E02-199-08.D,,,JTB-E02-199-11.D,5.475,95156,JTB-E02-199-12.D,5.483,15196,JTB-E02-199-13.D,5.483,107220,JTB-E02-199-14.D,5.466,108199,JTB-E02-199-15.D,5.466,141217,JTB-E02-199-16.D,5.458,120681,JTB-E02-199-17.D,5.466,115009,JTB-E02-200-06.D,5.458,1480,JTB-E02-200-07.D,,,JTB-E02-200-08.D,,,JTB-E02-200-11.D,5.483,47715,JTB-E02-200-12.D,5.475,56899,JTB-E02-200-13.D,5.483,42774,JTB-E02-200-14.D,5.475,37272,JTB-E02-200-15.D,5.474,59763,JTB-E02-200-16.D,5.466,42866,JTB-E02-200-17.D,5.466,42099,JTB-E02-201-06.D,,,JTB-E02-201-07.D,5.434,761,JTB-E02-201-08.D,5.434,277,JTB-E02-201-11.D,5.475,18320,JTB-E02-201-12.D,5.474,18003,JTB-E02-201-13.D,5.483,19235,JTB-E02-201-14.D,5.466,13280,JTB-E02-201-15.D,5.458,16798,JTB-E02-201-16.D,5.474,29224,JTB-E02-201-17.D,5.466,20156
Methyl isovalerate,JTB-E02-199-06.D,5.588,1162,JTB-E02-199-07.D,5.604,59,JTB-E02-199-08.D,5.572,108,JTB-E02-199-11.D,5.580,518743,JTB-E02-199-12.D,,,JTB-E02-199-13.D,5.596,627738,JTB-E02-199-14.D,5.580,652956,JTB-E02-199-15.D,5.588,884108,JTB-E02-199-16.D,5.580,633584,JTB-E02-199-17.D,5.588,733440,JTB-E02-200-06.D,5.580,162,JTB-E02-200-07.D,5.572,228,JTB-E02-200-08.D,5.596,183,JTB-E02-200-11.D,5.596,263265,JTB-E02-200-12.D,5.588,306430,JTB-E02-200-13.D,5.596,260245,JTB-E02-200-14.D,5.588,235996,JTB-E02-200-15.D,5.588,322155,JTB-E02-200-16.D,5.580,269538,JTB-E02-200-17.D,5.588,287348,JTB-E02-201-06.D,,,JTB-E02-201-07.D,,,JTB-E02-201-08.D,5.564,547,JTB-E02-201-11.D,5.596,111032,JTB-E02-201-12.D,5.596,130346,JTB-E02-201-13.D,5.596,119437,JTB-E02-201-14.D,5.588,86075,JTB-E02-201-15.D,5.580,127857,JTB-E02-201-16.D,5.588,139622,JTB-E02-201-17.D,5.572,109642
2-Butanol,JTB-E02-199-06.D,5.710,19018,JTB-E02-199-07.D,5.702,23585,JTB-E02-199-08.D,5.726,1392,JTB-E02-199-11.D,5.710,128084,JTB-E02-199-12.D,5.710,302,JTB-E02-199-13.D,5.726,131651,JTB-E02-199-14.D,5.710,149696,JTB-E02-199-15.D,5.702,163338,JTB-E02-199-16.D,5.702,148866,JTB-E02-199-17.D,5.702,173441,JTB-E02-200-06.D,5.702,7911,JTB-E02-200-07.D,5.718,9401,JTB-E02-200-08.D,5.718,16165,JTB-E02-200-11.D,5.718,143288,JTB-E02-200-12.D,5.710,146412,JTB-E02-200-13.D,5.718,143743,JTB-E02-200-14.D,5.710,178262,JTB-E02-200-15.D,5.702,184438,JTB-E02-200-16.D,5.702,171677,JTB-E02-200-17.D,5.702,180693,JTB-E02-201-06.D,5.702,9652,JTB-E02-201-07.D,5.702,8848,JTB-E02-201-08.D,5.726,2225,JTB-E02-201-11.D,5.718,93099,JTB-E02-201-12.D,5.726,142149,JTB-E02-201-13.D,5.718,106303,JTB-E02-201-14.D,5.702,154028,JTB-E02-201-15.D,5.702,189087,JTB-E02-201-16.D,5.702,193075,JTB-E02-201-17.D,5.694,137747
Toluene,JTB-E02-199-06.D,5.994,55086,JTB-E02-199-07.D,5.994,80284,JTB-E02-199-08.D,5.995,681,JTB-E02-199-11.D,5.994,1703434,JTB-E02-199-12.D,6.003,6907,JTB-E02-199-13.D,6.011,1174432,JTB-E02-199-14.D,5.994,1188596,JTB-E02-199-15.D,5.994,1032287,JTB-E02-199-16.D,5.986,604133,JTB-E02-199-17.D,5.994,989876,JTB-E02-200-06.D,5.994,49780,JTB-E02-200-07.D,6.002,117001,JTB-E02-200-08.D,6.003,100276,JTB-E02-200-11.D,6.003,198517,JTB-E02-200-12.D,6.003,432279,JTB-E02-200-13.D,6.011,2171843,JTB-E02-200-14.D,5.994,632086,JTB-E02-200-15.D,5.994,405634,JTB-E02-200-16.D,5.994,735835,JTB-E02-200-17.D,5.994,1085003,JTB-E02-201-06.D,5.994,58356,JTB-E02-201-07.D,5.994,84570,JTB-E02-201-08.D,6.002,5872,JTB-E02-201-11.D,6.011,253409,JTB-E02-201-12.D,6.011,152482,JTB-E02-201-13.D,6.011,227408,JTB-E02-201-14.D,5.994,187696,JTB-E02-201-15.D,5.995,230059,JTB-E02-201-16.D,5.994,390381,JTB-E02-201-17.D,5.986,429437
"Butanoic acid, 2-methyl-, ethyl ester",JTB-E02-199-06.D,6.271,930,JTB-E02-199-07.D,6.287,203,JTB-E02-199-08.D,,,JTB-E02-199-11.D,6.271,55707,JTB-E02-199-12.D,6.271,84,JTB-E02-199-13.D,6.287,76024,JTB-E02-199-14.D,6.271,73302,JTB-E02-199-15.D,6.279,93372,JTB-E02-199-16.D,6.263,71054,JTB-E02-199-17.D,6.271,75669,JTB-E02-200-06.D,6.271,434,JTB-E02-200-07.D,6.270,325,JTB-E02-200-08.D,6.279,185,JTB-E02-200-11.D,6.287,20970,JTB-E02-200-12.D,6.279,23841,JTB-E02-200-13.D,6.287,22353,JTB-E02-200-14.D,6.271,17317,JTB-E02-200-15.D,6.279,24343,JTB-E02-200-16.D,6.271,21247,JTB-E02-200-17.D,6.270,22822,JTB-E02-201-06.D,6.287,64,JTB-E02-201-07.D,6.254,67,JTB-E02-201-08.D,6.279,459,JTB-E02-201-11.D,6.287,7307,JTB-E02-201-12.D,6.287,9561,JTB-E02-201-13.D,6.287,6442,JTB-E02-201-14.D,6.270,6357,JTB-E02-201-15.D,6.271,7114,JTB-E02-201-16.D,6.270,10044,JTB-E02-201-17.D,6.262,5806
"Butanoic acid, 3-methyl-, ethyl ester",JTB-E02-199-06.D,6.604,271,JTB-E02-199-07.D,,,JTB-E02-199-08.D,6.571,333,JTB-E02-199-11.D,6.596,387581,JTB-E02-199-12.D,6.595,517,JTB-E02-199-13.D,6.612,444051,JTB-E02-199-14.D,6.596,449861,JTB-E02-199-15.D,6.596,580906,JTB-E02-199-16.D,6.588,442687,JTB-E02-199-17.D,6.596,466458,JTB-E02-200-06.D,6.636,571,JTB-E02-200-07.D,6.628,552,JTB-E02-200-08.D,6.587,148,JTB-E02-200-11.D,6.604,118993,JTB-E02-200-12.D,6.596,148090,JTB-E02-200-13.D,6.604,130724,JTB-E02-200-14.D,6.596,104773,JTB-E02-200-15.D,6.595,146574,JTB-E02-200-16.D,6.596,122970,JTB-E02-200-17.D,6.595,130488,JTB-E02-201-06.D,6.587,298,JTB-E02-201-07.D,6.603,291,JTB-E02-201-08.D,6.628,593,JTB-E02-201-11.D,6.604,40976,JTB-E02-201-12.D,6.612,48821,JTB-E02-201-13.D,6.612,46971,JTB-E02-201-14.D,6.595,37973,JTB-E02-201-15.D,6.596,45176,JTB-E02-201-16.D,6.595,50228,JTB-E02-201-17.D,6.587,48312
"Disulfide, dimethyl",JTB-E02-199-06.D,6.685,83,JTB-E02-199-07.D,6.693,2523,JTB-E02-199-08.D,,,JTB-E02-199-11.D,6.685,8569173,JTB-E02-199-12.D,,,JTB-E02-199-13.D,6.701,2069558,JTB-E02-199-14.D,6.685,10464584,JTB-E02-199-15.D,6.685,11568039,JTB-E02-199-16.D,6.677,6010642,JTB-E02-199-17.D,6.685,9148104,JTB-E02-200-06.D,6.693,4370,JTB-E02-200-07.D,6.725,5303,JTB-E02-200-08.D,6.693,273,JTB-E02-200-11.D,6.693,1178147,JTB-E02-200-12.D,6.685,1315462,JTB-E02-200-13.D,6.693,1427175,JTB-E02-200-14.D,6.685,1409189,JTB-E02-200-15.D,6.685,1524261,JTB-E02-200-16.D,6.685,2034757,JTB-E02-200-17.D,6.685,2178296,JTB-E02-201-06.D,6.709,474,JTB-E02-201-07.D,6.693,286,JTB-E02-201-08.D,,,JTB-E02-201-11.D,6.693,177663,JTB-E02-201-12.D,6.701,295610,JTB-E02-201-13.D,6.701,320270,JTB-E02-201-14.D,6.685,246690,JTB-E02-201-15.D,6.677,428130,JTB-E02-201-16.D,6.685,752200,JTB-E02-201-17.D,6.669,280878
"Butanenitrile, 2-methyl-",JTB-E02-199-06.D,6.961,1211,JTB-E02-199-07.D,6.961,433,JTB-E02-199-08.D,6.994,205,JTB-E02-199-11.D,6.994,162765,JTB-E02-199-12.D,6.985,57715,JTB-E02-199-13.D,7.010,167534,JTB-E02-199-14.D,6.994,172435,JTB-E02-199-15.D,6.994,205970,JTB-E02-199-16.D,6.986,182054,JTB-E02-199-17.D,6.994,197397,JTB-E02-200-06.D,6.961,651,JTB-E02-200-07.D,6.961,57,JTB-E02-200-08.D,7.018,95,JTB-E02-200-11.D,7.010,148801,JTB-E02-200-12.D,7.002,152827,JTB-E02-200-13.D,7.010,145291,JTB-E02-200-14.D,6.994,138886,JTB-E02-200-15.D,6.993,158796,JTB-E02-200-16.D,6.994,145322,JTB-E02-200-17.D,6.993,154800,JTB-E02-201-06.D,6.994,333,JTB-E02-201-07.D,6.977,745,JTB-E02-201-08.D,,,JTB-E02-201-11.D,7.002,72844,JTB-E02-201-12.D,7.010,114735,JTB-E02-201-13.D,7.002,73205,JTB-E02-201-14.D,6.993,101614,JTB-E02-201-15.D,6.994,116395,JTB-E02-201-16.D,6.993,129321,JTB-E02-201-17.D,6.985,105532
"2-Butenal, 2-methyl-",JTB-E02-199-06.D,7.188,645,JTB-E02-199-07.D,,,JTB-E02-199-08.D,7.156,366,JTB-E02-199-11.D,7.180,150251,JTB-E02-199-12.D,7.205,855,JTB-E02-199-13.D,7.197,141582,JTB-E02-199-14.D,7.172,178669,JTB-E02-199-15.D,7.180,210070,JTB-E02-199-16.D,7.172,179889,JTB-E02-199-17.D,7.180,205789,JTB-E02-200-06.D,7.188,358,JTB-E02-200-07.D,7.180,623,JTB-E02-200-08.D,7.180,216,JTB-E02-200-11.D,7.188,82865,JTB-E02-200-12.D,7.180,164369,JTB-E02-200-13.D,7.189,110270,JTB-E02-200-14.D,7.180,150513,JTB-E02-200-15.D,7.172,131894,JTB-E02-200-16.D,7.180,167390,JTB-E02-200-17.D,7.172,172310,JTB-E02-201-06.D,7.197,247,JTB-E02-201-07.D,,,JTB-E02-201-08.D,,,JTB-E02-201-11.D,7.189,143010,JTB-E02-201-12.D,7.197,125402,JTB-E02-201-13.D,7.189,140403,JTB-E02-201-14.D,7.172,132126,JTB-E02-201-15.D,7.172,87762,JTB-E02-201-16.D,7.172,164484,JTB-E02-201-17.D,7.172,127858
"1-Propanol, 2-methyl-",JTB-E02-199-06.D,7.253,107,JTB-E02-199-07.D,,,JTB-E02-199-08.D,7.221,2274,JTB-E02-199-11.D,7.245,1437382,JTB-E02-199-12.D,7.245,1148,JTB-E02-199-13.D,7.229,1423897,JTB-E02-199-14.D,,,JTB-E02-199-15.D,7.262,2028129,JTB-E02-199-16.D,7.237,1880524,JTB-E02-199-17.D,7.262,1912224,JTB-E02-200-06.D,7.270,230,JTB-E02-200-07.D,7.278,316,JTB-E02-200-08.D,,,JTB-E02-200-11.D,7.245,1588184,JTB-E02-200-12.D,7.237,912832,JTB-E02-200-13.D,7.270,1618540,JTB-E02-200-14.D,7.245,1827840,JTB-E02-200-15.D,7.253,1836091,JTB-E02-200-16.D,7.262,1929089,JTB-E02-200-17.D,7.245,1854395,JTB-E02-201-06.D,7.278,455,JTB-E02-201-07.D,,,JTB-E02-201-08.D,7.245,544,JTB-E02-201-11.D,7.245,1423257,JTB-E02-201-12.D,7.270,1700523,JTB-E02-201-13.D,7.262,1565772,JTB-E02-201-14.D,7.237,1731439,JTB-E02-201-15.D,7.254,1636682,JTB-E02-201-16.D,7.253,1895567,JTB-E02-201-17.D,7.237,1801381
"2H-Pyran, 2-ethenyltetrahydro-2,6,6-trimethyl-",JTB-E02-199-06.D,,,JTB-E02-199-07.D,,,JTB-E02-199-08.D,,,JTB-E02-199-11.D,7.570,1683256,JTB-E02-199-12.D,7.570,56912,JTB-E02-199-13.D,,,JTB-E02-199-14.D,,,JTB-E02-199-15.D,7.562,2388705,JTB-E02-199-16.D,7.570,2463076,JTB-E02-199-17.D,7.562,1910680,JTB-E02-200-06.D,,,JTB-E02-200-07.D,,,JTB-E02-200-08.D,,,JTB-E02-200-11.D,7.595,430128,JTB-E02-200-12.D,7.587,555927,JTB-E02-200-13.D,7.578,553816,JTB-E02-200-14.D,7.570,433572,JTB-E02-200-15.D,7.570,539904,JTB-E02-200-16.D,7.562,366718,JTB-E02-200-17.D,7.570,545677,JTB-E02-201-06.D,7.595,160,JTB-E02-201-07.D,,,JTB-E02-201-08.D,,,JTB-E02-201-11.D,7.587,173045,JTB-E02-201-12.D,7.578,240022,JTB-E02-201-13.D,7.587,241139,JTB-E02-201-14.D,7.578,183448,JTB-E02-201-15.D,7.562,172166,JTB-E02-201-16.D,7.570,224431,JTB-E02-201-17.D,7.562,191121
"1-Butanol, 3-methyl-, acetate",JTB-E02-199-06.D,7.887,190,JTB-E02-199-07.D,,,JTB-E02-199-08.D,7.895,1227,JTB-E02-199-11.D,7.895,71440,JTB-E02-199-12.D,,,JTB-E02-199-13.D,,,JTB-E02-199-14.D,,,JTB-E02-199-15.D,7.895,99897,JTB-E02-199-16.D,7.895,112956,JTB-E02-199-17.D,7.895,96389,JTB-E02-200-06.D,,,JTB-E02-200-07.D,7.887,1548,JTB-E02-200-08.D,7.863,470,JTB-E02-200-11.D,,,JTB-E02-200-12.D,,,JTB-E02-200-13.D,7.912,29248,JTB-E02-200-14.D,,,JTB-E02-200-15.D,7.895,31166,JTB-E02-200-16.D,7.887,23739,JTB-E02-200-17.D,7.895,3830,JTB-E02-201-06.D,7.895,229,JTB-E02-201-07.D,7.911,1104,JTB-E02-201-08.D,7.871,1807,JTB-E02-201-11.D,,,JTB-E02-201-12.D,7.920,9786,JTB-E02-201-13.D,,,JTB-E02-201-14.D,,,JTB-E02-201-15.D,,,JTB-E02-201-16.D,,,JTB-E02-201-17.D,7.895,13384
"Butanenitrile, 3-methyl-",JTB-E02-199-06.D,7.960,236,JTB-E02-199-07.D,7.984,25,JTB-E02-199-08.D,7.960,180,JTB-E02-199-11.D,7.968,42,JTB-E02-199-12.D,7.985,50,JTB-E02-199-13.D,7.985,844,JTB-E02-199-14.D,7.960,595,JTB-E02-199-15.D,7.993,1830,JTB-E02-199-16.D,7.960,679,JTB-E02-199-17.D,7.968,1197,JTB-E02-200-06.D,7.968,364,JTB-E02-200-07.D,7.960,272,JTB-E02-200-08.D,7.944,295,JTB-E02-200-11.D,7.976,1072,JTB-E02-200-12.D,7.968,1083,JTB-E02-200-13.D,7.976,1087,JTB-E02-200-14.D,7.960,643,JTB-E02-200-15.D,7.960,204,JTB-E02-200-16.D,7.952,363,JTB-E02-200-17.D,7.952,1208,JTB-E02-201-06.D,7.968,129,JTB-E02-201-07.D,8.001,57,JTB-E02-201-08.D,7.944,225,JTB-E02-201-11.D,7.968,1886,JTB-E02-201-12.D,7.993,667,JTB-E02-201-13.D,7.976,1947,JTB-E02-201-14.D,7.960,253,JTB-E02-201-15.D,7.977,852,JTB-E02-201-16.D,7.968,743,JTB-E02-201-17.D,7.960,242
"2-Pentene, 4,4-dimethyl-",JTB-E02-199-06.D,8.171,310,JTB-E02-199-07.D,8.179,167,JTB-E02-199-08.D,,,JTB-E02-199-11.D,8.163,30102,JTB-E02-199-12.D,8.188,150,JTB-E02-199-13.D,8.180,30677,JTB-E02-199-14.D,8.163,39870,JTB-E02-199-15.D,8.163,47166,JTB-E02-199-16.D,8.163,47009,JTB-E02-199-17.D,8.171,45456,JTB-E02-200-06.D,8.171,464,JTB-E02-200-07.D,8.171,936,JTB-E02-200-08.D,8.171,418,JTB-E02-200-11.D,8.180,30442,JTB-E02-200-12.D,8.180,35796,JTB-E02-200-13.D,8.171,17022,JTB-E02-200-14.D,8.163,29569,JTB-E02-200-15.D,8.163,38380,JTB-E02-200-16.D,8.163,36682,JTB-E02-200-17.D,8.163,34109,JTB-E02-201-06.D,8.163,727,JTB-E02-201-07.D,8.147,161,JTB-E02-201-08.D,8.163,221,JTB-E02-201-11.D,8.180,27185,JTB-E02-201-12.D,8.179,29542,JTB-E02-201-13.D,8.180,29747,JTB-E02-201-14.D,8.163,27794,JTB-E02-201-15.D,8.163,29222,JTB-E02-201-16.D,8.163,27842,JTB-E02-201-17.D,8.155,30473
o-Xylene,JTB-E02-199-06.D,8.350,19983,JTB-E02-199-07.D,,,JTB-E02-199-08.D,8.318,477,JTB-E02-199-11.D,8.334,38148,JTB-E02-199-12.D,8.358,577,JTB-E02-199-13.D,,,JTB-E02-199-14.D,8.350,35423,JTB-E02-199-15.D,8.326,47449,JTB-E02-199-16.D,8.334,56233,JTB-E02-199-17.D,8.326,45196,JTB-E02-200-06.D,8.350,934,JTB-E02-200-07.D,8.301,323,JTB-E02-200-08.D,8.326,407,JTB-E02-200-11.D,8.358,5671,JTB-E02-200-12.D,8.350,19749,JTB-E02-200-13.D,8.350,16723,JTB-E02-200-14.D,8.326,13730,JTB-E02-200-15.D,8.326,29081,JTB-E02-200-16.D,8.326,38942,JTB-E02-200-17.D,8.334,32093,JTB-E02-201-06.D,,,JTB-E02-201-07.D,,,JTB-E02-201-08.D,8.350,1027,JTB-E02-201-11.D,8.342,26218,JTB-E02-201-12.D,8.350,6510,JTB-E02-201-13.D,8.342,8164,JTB-E02-201-14.D,8.342,15207,JTB-E02-201-15.D,8.326,10994,JTB-E02-201-16.D,8.334,9784,JTB-E02-201-17.D,8.334,11576
1-Butanol,JTB-E02-199-06.D,,,JTB-E02-199-07.D,,,JTB-E02-199-08.D,,,JTB-E02-199-11.D,8.561,236073,JTB-E02-199-12.D,,,JTB-E02-199-13.D,8.561,231470,JTB-E02-199-14.D,8.553,363724,JTB-E02-199-15.D,8.569,545231,JTB-E02-199-16.D,8.553,432386,JTB-E02-199-17.D,8.570,428977,JTB-E02-200-06.D,,,JTB-E02-200-07.D,8.553,1474,JTB-E02-200-08.D,,,JTB-E02-200-11.D,8.569,260855,JTB-E02-200-12.D,8.561,253447,JTB-E02-200-13.D,8.586,310900,JTB-E02-200-14.D,8.561,661869,JTB-E02-200-15.D,8.569,724102,JTB-E02-200-16.D,8.570,536918,JTB-E02-200-17.D,8.561,561466,JTB-E02-201-06.D,8.537,3237,JTB-E02-201-07.D,8.569,952,JTB-E02-201-08.D,,,JTB-E02-201-11.D,8.569,256636,JTB-E02-201-12.D,8.586,296841,JTB-E02-201-13.D,8.578,302245,JTB-E02-201-14.D,8.553,794917,JTB-E02-201-15.D,8.561,907771,JTB-E02-201-16.D,8.569,777487,JTB-E02-201-17.D,8.553,663654
"Cyclopentasiloxane, decamethyl-",JTB-E02-199-06.D,8.813,1621145,JTB-E02-199-07.D,8.813,1130343,JTB-E02-199-08.D,8.821,15506,JTB-E02-199-11.D,8.805,295769,JTB-E02-199-12.D,,,JTB-E02-199-13.D,8.829,230549,JTB-E02-199-14.D,8.821,194963,JTB-E02-199-15.D,8.805,199647,JTB-E02-199-16.D,8.805,203801,JTB-E02-199-17.D,8.813,384088,JTB-E02-200-06.D,8.813,536560,JTB-E02-200-07.D,8.829,427914,JTB-E02-200-08.D,8.829,273600,JTB-E02-200-11.D,8.821,419150,JTB-E02-200-12.D,8.821,630966,JTB-E02-200-13.D,8.821,444294,JTB-E02-200-14.D,8.805,286937,JTB-E02-200-15.D,8.805,234005,JTB-E02-200-16.D,8.805,319362,JTB-E02-200-17.D,8.805,288777,JTB-E02-201-06.D,8.821,627587,JTB-E02-201-07.D,8.821,449665,JTB-E02-201-08.D,8.837,95688,JTB-E02-201-11.D,8.821,991794,JTB-E02-201-12.D,8.821,542467,JTB-E02-201-13.D,8.821,493704,JTB-E02-201-14.D,8.805,288496,JTB-E02-201-15.D,8.805,329490,JTB-E02-201-16.D,8.805,365102,JTB-E02-201-17.D,8.805,234579
"2-Butenoic acid, 3-methyl-, methyl ester",JTB-E02-199-06.D,9.162,926,JTB-E02-199-07.D,9.138,769,JTB-E02-199-08.D,9.098,250,JTB-E02-199-11.D,9.130,104706,JTB-E02-199-12.D,9.138,241,JTB-E02-199-13.D,9.146,43260,JTB-E02-199-14.D,9.138,134734,JTB-E02-199-15.D,9.130,170414,JTB-E02-199-16.D,9.130,166098,JTB-E02-199-17.D,9.130,168799,JTB-E02-200-06.D,9.154,137,JTB-E02-200-07.D,9.105,122,JTB-E02-200-08.D,9.106,190,JTB-E02-200-11.D,9.138,52872,JTB-E02-200-12.D,9.138,46253,JTB-E02-200-13.D,9.146,70448,JTB-E02-200-14.D,9.130,54562,JTB-E02-200-15.D,9.130,78984,JTB-E02-200-16.D,9.130,71631,JTB-E02-200-17.D,9.130,70891,JTB-E02-201-06.D,9.106,280,JTB-E02-201-07.D,,,JTB-E02-201-08.D,,,JTB-E02-201-11.D,9.146,27685,JTB-E02-201-12.D,9.146,29964,JTB-E02-201-13.D,9.146,30289,JTB-E02-201-14.D,9.130,27793,JTB-E02-201-15.D,9.122,34443,JTB-E02-201-16.D,9.130,35152,JTB-E02-201-17.D,9.122,33910
"7-Oxabicyclo[2.2.1]heptane, 1-methyl-4-(1-methylethyl)-",JTB-E02-199-06.D,9.463,60,JTB-E02-199-07.D,9.463,190,JTB-E02-199-08.D,,,JTB-E02-199-11.D,9.447,67296,JTB-E02-199-12.D,,,JTB-E02-199-13.D,9.479,96762,JTB-E02-199-14.D,9.471,106478,JTB-E02-199-15.D,9.447,114438,JTB-E02-199-16.D,9.447,107263,JTB-E02-199-17.D,9.447,105017,JTB-E02-200-06.D,,,JTB-E02-200-07.D,9.438,175,JTB-E02-200-08.D,,,JTB-E02-200-11.D,9.471,30870,JTB-E02-200-12.D,9.471,35761,JTB-E02-200-13.D,9.463,32365,JTB-E02-200-14.D,9.447,25996,JTB-E02-200-15.D,9.447,33233,JTB-E02-200-16.D,9.447,24978,JTB-E02-200-17.D,9.455,34838,JTB-E02-201-06.D,9.447,294,JTB-E02-201-07.D,9.430,417,JTB-E02-201-08.D,,,JTB-E02-201-11.D,9.463,15464,JTB-E02-201-12.D,9.463,18797,JTB-E02-201-13.D,9.463,24280,JTB-E02-201-14.D,9.463,14486,JTB-E02-201-15.D,9.439,16474,JTB-E02-201-16.D,9.447,21911,JTB-E02-201-17.D,9.455,18490
2-Heptanone,JTB-E02-199-06.D,9.544,1977,JTB-E02-199-07.D,9.544,3587,JTB-E02-199-08.D,9.520,616,JTB-E02-199-11.D,9.536,26848,JTB-E02-199-12.D,,,JTB-E02-199-13.D,9.552,31517,JTB-E02-199-14.D,9.544,29386,JTB-E02-199-15.D,9.536,39245,JTB-E02-199-16.D,9.536,41588,JTB-E02-199-17.D,9.536,44046,JTB-E02-200-06.D,9.536,304,JTB-E02-200-07.D,9.536,1784,JTB-E02-200-08.D,9.560,1925,JTB-E02-200-11.D,9.552,14481,JTB-E02-200-12.D,9.544,14897,JTB-E02-200-13.D,9.544,20163,JTB-E02-200-14.D,9.536,33702,JTB-E02-200-15.D,9.536,64958,JTB-E02-200-16.D,9.536,42272,JTB-E02-200-17.D,9.536,51875,JTB-E02-201-06.D,,,JTB-E02-201-07.D,9.536,295,JTB-E02-201-08.D,9.520,108,JTB-E02-201-11.D,9.544,12409,JTB-E02-201-12.D,9.552,7440,JTB-E02-201-13.D,9.552,10583,JTB-E02-201-14.D,9.536,40137,JTB-E02-201-15.D,9.536,59770,JTB-E02-201-16.D,9.536,47096,JTB-E02-201-17.D,9.528,51355
"2-Butenal, 3-methyl-",JTB-E02-199-06.D,9.975,5703,JTB-E02-199-07.D,9.999,2495,JTB-E02-199-08.D,,,JTB-E02-199-11.D,9.959,78002,JTB-E02-199-12.D,9.950,5791,JTB-E02-199-13.D,,,JTB-E02-199-14.D,9.991,104947,JTB-E02-199-15.D,9.959,159896,JTB-E02-199-16.D,9.967,104527,JTB-E02-199-17.D,9.959,125044,JTB-E02-200-06.D,9.958,387,JTB-E02-200-07.D,,,JTB-E02-200-08.D,9.975,60,JTB-E02-200-11.D,9.991,12003,JTB-E02-200-12.D,9.983,15724,JTB-E02-200-13.D,9.975,15065,JTB-E02-200-14.D,9.958,12198,JTB-E02-200-15.D,9.975,12627,JTB-E02-200-16.D,9.959,17110,JTB-E02-200-17.D,9.966,21863,JTB-E02-201-06.D,9.991,1257,JTB-E02-201-07.D,9.991,353,JTB-E02-201-08.D,,,JTB-E02-201-11.D,9.983,3217,JTB-E02-201-12.D,9.975,2644,JTB-E02-201-13.D,9.983,5900,JTB-E02-201-14.D,9.975,6728,JTB-E02-201-15.D,9.967,4524,JTB-E02-201-16.D,9.958,6814,JTB-E02-201-17.D,9.958,6677
"1-Butanol, 3-methyl-",JTB-E02-199-06.D,10.357,1456,JTB-E02-199-07.D,10.324,3507,JTB-E02-199-08.D,10.332,178,JTB-E02-199-11.D,10.348,5382474,JTB-E02-199-12.D,,,JTB-E02-199-13.D,10.357,4673163,JTB-E02-199-14.D,10.348,7531782,JTB-E02-199-15.D,10.357,9892330,JTB-E02-199-16.D,10.349,9034880,JTB-E02-199-17.D,10.357,9183381,JTB-E02-200-06.D,10.340,3756,JTB-E02-200-07.D,10.356,4273,JTB-E02-200-08.D,10.348,7067,JTB-E02-200-11.D,10.357,5433724,JTB-E02-200-12.D,10.357,6281174,JTB-E02-200-13.D,10.365,5145772,JTB-E02-200-14.D,10.348,11275655,JTB-E02-200-15.D,10.356,11316347,JTB-E02-200-16.D,10.357,11112356,JTB-E02-200-17.D,10.348,10988136,JTB-E02-201-06.D,10.348,680,JTB-E02-201-07.D,10.340,6470,JTB-E02-201-08.D,10.365,740,JTB-E02-201-11.D,10.357,5217548,JTB-E02-201-12.D,10.365,5640221,JTB-E02-201-13.D,10.365,5155465,JTB-E02-201-14.D,10.348,11847598,JTB-E02-201-15.D,10.348,11684296,JTB-E02-201-16.D,10.356,13733921,JTB-E02-201-17.D,10.348,11787905
"(2R,5S)-2-Methyl-5-(prop-1-en-2-yl)-2-vinyltetrahydrofuran",JTB-E02-199-06.D,11.356,258,JTB-E02-199-07.D,11.372,302,JTB-E02-199-08.D,11.372,525,JTB-E02-199-11.D,11.356,1075541,JTB-E02-199-12.D,,,JTB-E02-199-13.D,11.372,1368654,JTB-E02-199-14.D,11.372,1407237,JTB-E02-199-15.D,11.356,1619083,JTB-E02-199-16.D,11.356,1488385,JTB-E02-199-17.D,11.348,1324457,JTB-E02-200-06.D,11.364,209,JTB-E02-200-07.D,11.372,478,JTB-E02-200-08.D,11.331,94,JTB-E02-200-11.D,11.372,251512,JTB-E02-200-12.D,11.364,312984,JTB-E02-200-13.D,11.364,288702,JTB-E02-200-14.D,11.356,224687,JTB-E02-200-15.D,11.347,290073,JTB-E02-200-16.D,11.356,243596,JTB-E02-200-17.D,11.356,271473,JTB-E02-201-06.D,11.388,796,JTB-E02-201-07.D,11.372,145,JTB-E02-201-08.D,11.347,399,JTB-E02-201-11.D,11.364,51773,JTB-E02-201-12.D,11.364,116387,JTB-E02-201-13.D,11.364,76247,JTB-E02-201-14.D,11.364,88192,JTB-E02-201-15.D,11.356,90212,JTB-E02-201-16.D,11.356,114290,JTB-E02-201-17.D,11.356,95421
Thiazole,JTB-E02-199-06.D,11.534,884,JTB-E02-199-07.D,11.502,667,JTB-E02-199-08.D,,,JTB-E02-199-11.D,11.510,84415,JTB-E02-199-12.D,,,JTB-E02-199-13.D,11.526,108703,JTB-E02-199-14.D,11.518,98058,JTB-E02-199-15.D,11.518,115228,JTB-E02-199-16.D,11.510,117867,JTB-E02-199-17.D,11.518,116693,JTB-E02-200-06.D,11.526,2303,JTB-E02-200-07.D,11.542,1114,JTB-E02-200-08.D,11.518,452,JTB-E02-200-11.D,11.526,110446,JTB-E02-200-12.D,11.518,113385,JTB-E02-200-13.D,11.526,121240,JTB-E02-200-14.D,11.518,103262,JTB-E02-200-15.D,11.518,127136,JTB-E02-200-16.D,11.518,115748,JTB-E02-200-17.D,11.510,113508,JTB-E02-201-06.D,11.510,693,JTB-E02-201-07.D,11.542,1092,JTB-E02-201-08.D,11.534,140,JTB-E02-201-11.D,11.526,110008,JTB-E02-201-12.D,11.534,111447,JTB-E02-201-13.D,11.526,122033,JTB-E02-201-14.D,11.510,105728,JTB-E02-201-15.D,11.518,104751,JTB-E02-201-16.D,11.518,129102,JTB-E02-201-17.D,11.510,98816
1-Pentanol,JTB-E02-199-06.D,11.640,446,JTB-E02-199-07.D,11.672,482,JTB-E02-199-08.D,11.681,84,JTB-E02-199-11.D,11.632,36424,JTB-E02-199-12.D,,,JTB-E02-199-13.D,11.640,40665,JTB-E02-199-14.D,11.632,36483,JTB-E02-199-15.D,11.632,51152,JTB-E02-199-16.D,11.632,53178,JTB-E02-199-17.D,11.640,49283,JTB-E02-200-06.D,,,JTB-E02-200-07.D,11.632,787,JTB-E02-200-08.D,11.640,1234,JTB-E02-200-11.D,11.640,38525,JTB-E02-200-12.D,11.640,36703,JTB-E02-200-13.D,11.648,47832,JTB-E02-200-14.D,11.632,45134,JTB-E02-200-15.D,11.632,55828,JTB-E02-200-16.D,11.632,51684,JTB-E02-200-17.D,11.632,50518,JTB-E02-201-06.D,11.648,247,JTB-E02-201-07.D,11.672,628,JTB-E02-201-08.D,11.664,121,JTB-E02-201-11.D,11.640,38066,JTB-E02-201-12.D,11.648,40169,JTB-E02-201-13.D,11.648,41754,JTB-E02-201-14.D,11.640,36918,JTB-E02-201-15.D,11.632,53968,JTB-E02-201-16.D,11.632,53472,JTB-E02-201-17.D,11.632,48912
3-Aminopyridine,JTB-E02-199-06.D,12.030,717,JTB-E02-199-07.D,12.013,734,JTB-E02-199-08.D,,,JTB-E02-199-11.D,12.022,33740,JTB-E02-199-12.D,,,JTB-E02-199-13.D,12.038,52839,JTB-E02-199-14.D,12.030,44015,JTB-E02-199-15.D,12.030,54122,JTB-E02-199-16.D,12.022,53160,JTB-E02-199-17.D,12.030,53670,JTB-E02-200-06.D,12.046,1789,JTB-E02-200-07.D,12.038,139,JTB-E02-200-08.D,12.046,775,JTB-E02-200-11.D,12.038,53656,JTB-E02-200-12.D,12.038,55562,JTB-E02-200-13.D,12.038,63010,JTB-E02-200-14.D,12.030,43159,JTB-E02-200-15.D,12.022,52590,JTB-E02-200-16.D,12.030,47555,JTB-E02-200-17.D,12.030,49665,JTB-E02-201-06.D,12.030,249,JTB-E02-201-07.D,12.046,1090,JTB-E02-201-08.D,12.022,344,JTB-E02-201-11.D,12.038,47738,JTB-E02-201-12.D,12.038,51043,JTB-E02-201-13.D,12.046,57787,JTB-E02-201-14.D,12.030,45698,JTB-E02-201-15.D,12.030,48628,JTB-E02-201-16.D,12.022,52200,JTB-E02-201-17.D,12.030,52482
o-Cymene,JTB-E02-199-06.D,12.160,2081,JTB-E02-199-07.D,12.168,3396,JTB-E02-199-08.D,12.176,577,JTB-E02-199-11.D,12.144,1407289,JTB-E02-199-12.D,,,JTB-E02-199-13.D,12.168,2193766,JTB-E02-199-14.D,12.160,2059490,JTB-E02-199-15.D,12.144,2382483,JTB-E02-199-16.D,12.144,2062914,JTB-E02-199-17.D,12.144,1887910,JTB-E02-200-06.D,,,JTB-E02-200-07.D,,,JTB-E02-200-08.D,,,JTB-E02-200-11.D,12.160,157509,JTB-E02-200-12.D,12.160,220237,JTB-E02-200-13.D,12.160,221072,JTB-E02-200-14.D,12.144,143614,JTB-E02-200-15.D,12.143,186305,JTB-E02-200-16.D,12.144,163318,JTB-E02-200-17.D,12.143,176035,JTB-E02-201-06.D,,,JTB-E02-201-07.D,12.176,881,JTB-E02-201-08.D,,,JTB-E02-201-11.D,12.160,29332,JTB-E02-201-12.D,12.160,38649,JTB-E02-201-13.D,12.160,39385,JTB-E02-201-14.D,12.144,19015,JTB-E02-201-15.D,12.144,27863,JTB-E02-201-16.D,12.143,30587,JTB-E02-201-17.D,12.144,29969
Methyl 4-benzoylbutyrate,JTB-E02-199-06.D,12.469,4484,JTB-E02-199-07.D,,,JTB-E02-199-08.D,12.444,325,JTB-E02-199-11.D,12.444,80928,JTB-E02-199-12.D,,,JTB-E02-199-13.D,12.452,192022,JTB-E02-199-14.D,12.444,80343,JTB-E02-199-15.D,12.452,61564,JTB-E02-199-16.D,12.444,83253,JTB-E02-199-17.D,12.452,104895,JTB-E02-200-06.D,12.436,959,JTB-E02-200-07.D,,,JTB-E02-200-08.D,12.469,1084,JTB-E02-200-11.D,12.452,70761,JTB-E02-200-12.D,12.452,72799,JTB-E02-200-13.D,12.452,83041,JTB-E02-200-14.D,12.444,45322,JTB-E02-200-15.D,12.444,62890,JTB-E02-200-16.D,12.452,76768,JTB-E02-200-17.D,12.444,52028,JTB-E02-201-06.D,12.477,5711,JTB-E02-201-07.D,12.477,1711,JTB-E02-201-08.D,12.485,409,JTB-E02-201-11.D,12.452,118373,JTB-E02-201-12.D,12.452,68058,JTB-E02-201-13.D,12.452,67406,JTB-E02-201-14.D,12.452,48765,JTB-E02-201-15.D,12.436,50222,JTB-E02-201-16.D,12.444,56387,JTB-E02-201-17.D,12.452,43841
"Pyrazine, 2,6-dimethyl-",JTB-E02-199-06.D,,,JTB-E02-199-07.D,14.028,8979,JTB-E02-199-08.D,13.988,207,JTB-E02-199-11.D,14.004,119061,JTB-E02-199-12.D,,,JTB-E02-199-13.D,14.012,149445,JTB-E02-199-14.D,14.004,158945,JTB-E02-199-15.D,13.996,174586,JTB-E02-199-16.D,13.996,167079,JTB-E02-199-17.D,14.004,190031,JTB-E02-200-06.D,14.028,328,JTB-E02-200-07.D,14.020,509,JTB-E02-200-08.D,14.036,2731,JTB-E02-200-11.D,14.012,164123,JTB-E02-200-12.D,14.004,178326,JTB-E02-200-13.D,14.012,178767,JTB-E02-200-14.D,14.004,156841,JTB-E02-200-15.D,13.996,142903,JTB-E02-200-16.D,14.004,157468,JTB-E02-200-17.D,14.004,139868,JTB-E02-201-06.D,13.996,1112,JTB-E02-201-07.D,13.996,1796,JTB-E02-201-08.D,14.020,162,JTB-E02-201-11.D,14.012,167552,JTB-E02-201-12.D,14.012,171554,JTB-E02-201-13.D,14.012,162464,JTB-E02-201-14.D,14.004,115047,JTB-E02-201-15.D,13.996,137821,JTB-E02-201-16.D,14.004,157003,JTB-E02-201-17.D,13.996,136676
1-Hexanol,JTB-E02-199-06.D,14.873,7762,JTB-E02-199-07.D,14.865,1860,JTB-E02-199-08.D,14.816,139,JTB-E02-199-11.D,14.849,2600120,JTB-E02-199-12.D,,,JTB-E02-199-13.D,14.857,3212968,JTB-E02-199-14.D,14.857,3594079,JTB-E02-199-15.D,14.849,4063653,JTB-E02-199-16.D,14.849,3721689,JTB-E02-199-17.D,14.849,3611004,JTB-E02-200-06.D,14.873,23590,JTB-E02-200-07.D,14.873,32079,JTB-E02-200-08.D,14.889,25047,JTB-E02-200-11.D,14.857,2897110,JTB-E02-200-12.D,14.857,3304499,JTB-E02-200-13.D,14.857,3077319,JTB-E02-200-14.D,14.849,2941442,JTB-E02-200-15.D,14.848,3587186,JTB-E02-200-16.D,14.849,3163837,JTB-E02-200-17.D,14.848,3152157,JTB-E02-201-06.D,14.857,15091,JTB-E02-201-07.D,14.873,27204,JTB-E02-201-08.D,14.881,1004,JTB-E02-201-11.D,14.857,2658348,JTB-E02-201-12.D,14.865,2822207,JTB-E02-201-13.D,14.857,2702299,JTB-E02-201-14.D,14.849,2772364,JTB-E02-201-15.D,14.849,2838610,JTB-E02-201-16.D,14.848,3529628,JTB-E02-201-17.D,14.849,2758426
Dimethyl trisulfide,JTB-E02-199-06.D,,,JTB-E02-199-07.D,,,JTB-E02-199-08.D,,,JTB-E02-199-11.D,15.564,196000,JTB-E02-199-12.D,15.531,254818,JTB-E02-199-13.D,15.580,57214,JTB-E02-199-14.D,15.580,372361,JTB-E02-199-15.D,15.563,565282,JTB-E02-199-16.D,15.564,123015,JTB-E02-199-17.D,15.564,298841,JTB-E02-200-06.D,,,JTB-E02-200-07.D,,,JTB-E02-200-08.D,15.580,221,JTB-E02-200-11.D,15.580,26325,JTB-E02-200-12.D,15.563,9859,JTB-E02-200-13.D,15.572,25551,JTB-E02-200-14.D,15.563,31518,JTB-E02-200-15.D,15.555,20511,JTB-E02-200-16.D,15.555,68597,JTB-E02-200-17.D,15.563,118429,JTB-E02-201-06.D,,,JTB-E02-201-07.D,,,JTB-E02-201-08.D,15.588,332,JTB-E02-201-11.D,15.572,3820,JTB-E02-201-12.D,15.580,2904,JTB-E02-201-13.D,15.572,5747,JTB-E02-201-14.D,15.555,6273,JTB-E02-201-15.D,15.555,5989,JTB-E02-201-16.D,15.563,35269,JTB-E02-201-17.D,15.555,13777
"3-Hexen-1-ol, (E)-",JTB-E02-199-06.D,15.799,865,JTB-E02-199-07.D,15.783,352,JTB-E02-199-08.D,15.824,339,JTB-E02-199-11.D,15.807,90032,JTB-E02-199-12.D,,,JTB-E02-199-13.D,15.815,127001,JTB-E02-199-14.D,15.815,153485,JTB-E02-199-15.D,15.807,171792,JTB-E02-199-16.D,15.807,182387,JTB-E02-199-17.D,15.815,158410,JTB-E02-200-06.D,15.815,241,JTB-E02-200-07.D,15.831,1569,JTB-E02-200-08.D,15.807,130,JTB-E02-200-11.D,15.815,123696,JTB-E02-200-12.D,15.815,141450,JTB-E02-200-13.D,15.815,128130,JTB-E02-200-14.D,15.807,196046,JTB-E02-200-15.D,15.807,232278,JTB-E02-200-16.D,15.807,186478,JTB-E02-200-17.D,15.807,174749,JTB-E02-201-06.D,15.832,366,JTB-E02-201-07.D,15.815,1564,JTB-E02-201-08.D,15.799,1645,JTB-E02-201-11.D,15.815,115551,JTB-E02-201-12.D,15.815,130863,JTB-E02-201-13.D,15.815,126817,JTB-E02-201-14.D,15.807,282746,JTB-E02-201-15.D,15.799,306730,JTB-E02-201-16.D,15.807,300687,JTB-E02-201-17.D,15.807,229362
2-Nonanone,JTB-E02-199-06.D,,,JTB-E02-199-07.D,15.904,782,JTB-E02-199-08.D,15.913,29,JTB-E02-199-11.D,15.913,5331,JTB-E02-199-12.D,,,JTB-E02-199-13.D,15.921,11533,JTB-E02-199-14.D,15.929,9215,JTB-E02-199-15.D,15.905,15790,JTB-E02-199-16.D,15.905,13000,JTB-E02-199-17.D,15.905,14681,JTB-E02-200-06.D,15.937,545,JTB-E02-200-07.D,15.913,547,JTB-E02-200-08.D,15.937,785,JTB-E02-200-11.D,15.929,563,JTB-E02-200-12.D,15.937,1929,JTB-E02-200-13.D,15.929,2095,JTB-E02-200-14.D,15.913,19167,JTB-E02-200-15.D,15.913,28794,JTB-E02-200-16.D,15.913,27086,JTB-E02-200-17.D,15.904,30826,JTB-E02-201-06.D,15.921,302,JTB-E02-201-07.D,15.937,1254,JTB-E02-201-08.D,15.913,205,JTB-E02-201-11.D,15.905,366,JTB-E02-201-12.D,15.913,220,JTB-E02-201-13.D,15.905,233,JTB-E02-201-14.D,15.913,15156,JTB-E02-201-15.D,15.913,21355,JTB-E02-201-16.D,15.913,21888,JTB-E02-201-17.D,15.905,25966
"Pyrazine, 2-ethyl-6-methyl-",JTB-E02-199-06.D,16.018,643,JTB-E02-199-07.D,16.010,718,JTB-E02-199-08.D,,,JTB-E02-199-11.D,16.002,20441,JTB-E02-199-12.D,,,JTB-E02-199-13.D,16.010,27101,JTB-E02-199-14.D,16.002,20290,JTB-E02-199-15.D,16.002,35593,JTB-E02-199-16.D,16.010,21689,JTB-E02-199-17.D,16.002,37132,JTB-E02-200-06.D,16.010,377,JTB-E02-200-07.D,16.002,781,JTB-E02-200-08.D,16.010,949,JTB-E02-200-11.D,16.002,23410,JTB-E02-200-12.D,16.010,23441,JTB-E02-200-13.D,16.010,32102,JTB-E02-200-14.D,15.994,20226,JTB-E02-200-15.D,15.994,28565,JTB-E02-200-16.D,16.002,26751,JTB-E02-200-17.D,15.994,27471,JTB-E02-201-06.D,16.018,2055,JTB-E02-201-07.D,16.034,2307,JTB-E02-201-08.D,15.986,32,JTB-E02-201-11.D,16.002,21177,JTB-E02-201-12.D,16.010,25481,JTB-E02-201-13.D,16.002,23399,JTB-E02-201-14.D,16.002,18920,JTB-E02-201-15.D,15.994,18980,JTB-E02-201-16.D,15.994,27691,JTB-E02-201-17.D,15.994,25419
"Pyrazine, 2,5-dimethyl-3-(3-methylbutyl)-",JTB-E02-199-06.D,16.400,247,JTB-E02-199-07.D,16.400,224,JTB-E02-199-08.D,,,JTB-E02-199-11.D,16.392,38960,JTB-E02-199-12.D,,,JTB-E02-199-13.D,16.408,67600,JTB-E02-199-14.D,16.400,56173,JTB-E02-199-15.D,16.392,71738,JTB-E02-199-16.D,16.392,66890,JTB-E02-199-17.D,16.392,69004,JTB-E02-200-06.D,16.424,1353,JTB-E02-200-07.D,16.392,225,JTB-E02-200-08.D,16.400,256,JTB-E02-200-11.D,16.408,56854,JTB-E02-200-12.D,16.408,67789,JTB-E02-200-13.D,16.400,44477,JTB-E02-200-14.D,16.392,50915,JTB-E02-200-15.D,16.392,61267,JTB-E02-200-16.D,16.400,29008,JTB-E02-200-17.D,16.392,61020,JTB-E02-201-06.D,16.384,513,JTB-E02-201-07.D,16.441,1067,JTB-E02-201-08.D,16.392,146,JTB-E02-201-11.D,16.400,56734,JTB-E02-201-12.D,16.408,64122,JTB-E02-201-13.D,16.408,64200,JTB-E02-201-14.D,16.400,55136,JTB-E02-201-15.D,16.392,53203,JTB-E02-201-16.D,16.392,59904,JTB-E02-201-17.D,16.400,56620
"2-Hexen-1-ol, (E)-",JTB-E02-199-06.D,,,JTB-E02-199-07.D,,,JTB-E02-199-08.D,,,JTB-E02-199-11.D,16.498,458535,JTB-E02-199-12.D,16.473,543044,JTB-E02-199-13.D,16.506,589732,JTB-E02-199-14.D,16.506,685241,JTB-E02-199-15.D,16.498,752711,JTB-E02-199-16.D,16.498,754980,JTB-E02-199-17.D,16.498,704166,JTB-E02-200-06.D,16.514,2321,JTB-E02-200-07.D,,,JTB-E02-200-08.D,16.514,3540,JTB-E02-200-11.D,16.506,551750,JTB-E02-200-12.D,16.506,663974,JTB-E02-200-13.D,16.506,610997,JTB-E02-200-14.D,16.498,583747,JTB-E02-200-15.D,16.497,725316,JTB-E02-200-16.D,16.498,630389,JTB-E02-200-17.D,16.497,628396,JTB-E02-201-06.D,16.498,3067,JTB-E02-201-07.D,16.530,3169,JTB-E02-201-08.D,16.481,209,JTB-E02-201-11.D,16.506,553234,JTB-E02-201-12.D,16.506,557865,JTB-E02-201-13.D,16.506,551559,JTB-E02-201-14.D,16.497,571580,JTB-E02-201-15.D,16.498,579953,JTB-E02-201-16.D,16.497,718142,JTB-E02-201-17.D,16.498,556016
"Benzene, 1,5-dimethyl-2,4-bis(1-methylethyl)-",JTB-E02-199-06.D,17.139,693,JTB-E02-199-07.D,17.107,311,JTB-E02-199-08.D,,,JTB-E02-199-11.D,17.123,3897,JTB-E02-199-12.D,17.123,5605,JTB-E02-199-13.D,17.148,6327,JTB-E02-199-14.D,17.147,174951,JTB-E02-199-15.D,17.131,247313,JTB-E02-199-16.D,17.139,262630,JTB-E02-199-17.D,17.123,254317,JTB-E02-200-06.D,17.131,229,JTB-E02-200-07.D,,,JTB-E02-200-08.D,,,JTB-E02-200-11.D,17.139,1412,JTB-E02-200-12.D,17.139,939,JTB-E02-200-13.D,17.148,495,JTB-E02-200-14.D,17.123,15099,JTB-E02-200-15.D,17.123,54525,JTB-E02-200-16.D,17.123,68897,JTB-E02-200-17.D,17.131,78487,JTB-E02-201-06.D,,,JTB-E02-201-07.D,,,JTB-E02-201-08.D,,,JTB-E02-201-11.D,17.131,1135,JTB-E02-201-12.D,17.139,365,JTB-E02-201-13.D,17.131,545,JTB-E02-201-14.D,17.115,6185,JTB-E02-201-15.D,17.123,14755,JTB-E02-201-16.D,17.139,35894,JTB-E02-201-17.D,17.123,37726
Ethyl 2-(5-methyl-5-vinyltetrahydrofuran-2-yl)propan-2-yl carbonate,JTB-E02-199-06.D,17.627,337,JTB-E02-199-07.D,17.627,192,JTB-E02-199-08.D,17.594,516,JTB-E02-199-11.D,17.627,124298,JTB-E02-199-12.D,17.602,126316,JTB-E02-199-13.D,17.635,146684,JTB-E02-199-14.D,17.627,184796,JTB-E02-199-15.D,17.619,138923,JTB-E02-199-16.D,17.627,229219,JTB-E02-199-17.D,17.627,221748,JTB-E02-200-06.D,17.578,204,JTB-E02-200-07.D,17.635,1106,JTB-E02-200-08.D,17.619,576,JTB-E02-200-11.D,17.635,142104,JTB-E02-200-12.D,17.627,158576,JTB-E02-200-13.D,17.627,147459,JTB-E02-200-14.D,17.627,271277,JTB-E02-200-15.D,17.618,194403,JTB-E02-200-16.D,17.627,258004,JTB-E02-200-17.D,17.627,251137,JTB-E02-201-06.D,17.586,240,JTB-E02-201-07.D,17.594,227,JTB-E02-201-08.D,17.627,986,JTB-E02-201-11.D,17.627,136263,JTB-E02-201-12.D,17.635,140819,JTB-E02-201-13.D,17.627,135380,JTB-E02-201-14.D,17.627,372093,JTB-E02-201-15.D,17.619,419065,JTB-E02-201-16.D,17.627,419591,JTB-E02-201-17.D,17.618,307009
"Pyrazine, 2-ethyl-3,5-dimethyl-",JTB-E02-199-06.D,,,JTB-E02-199-07.D,,,JTB-E02-199-08.D,,,JTB-E02-199-11.D,17.684,158942,JTB-E02-199-12.D,17.667,157268,JTB-E02-199-13.D,,,JTB-E02-199-14.D,17.692,169628,JTB-E02-199-15.D,17.684,228549,JTB-E02-199-16.D,17.684,229331,JTB-E02-199-17.D,17.684,220275,JTB-E02-200-06.D,17.675,55,JTB-E02-200-07.D,,,JTB-E02-200-08.D,,,JTB-E02-200-11.D,,,JTB-E02-200-12.D,17.692,161291,JTB-E02-200-13.D,,,JTB-E02-200-14.D,17.684,166632,JTB-E02-200-15.D,17.683,193243,JTB-E02-200-16.D,17.684,179995,JTB-E02-200-17.D,17.683,190632,JTB-E02-201-06.D,,,JTB-E02-201-07.D,,,JTB-E02-201-08.D,17.675,232,JTB-E02-201-11.D,,,JTB-E02-201-12.D,,,JTB-E02-201-13.D,,,JTB-E02-201-14.D,17.683,150108,JTB-E02-201-15.D,17.692,166709,JTB-E02-201-16.D,17.683,193137,JTB-E02-201-17.D,17.683,188644
1-Octen-3-ol,JTB-E02-199-06.D,17.870,1976,JTB-E02-199-07.D,,,JTB-E02-199-08.D,17.871,121,JTB-E02-199-11.D,17.879,23113,JTB-E02-199-12.D,17.862,11446,JTB-E02-199-13.D,17.895,32908,JTB-E02-199-14.D,17.895,34770,JTB-E02-199-15.D,17.879,43079,JTB-E02-199-16.D,17.887,49739,JTB-E02-199-17.D,17.879,42964,JTB-E02-200-06.D,,,JTB-E02-200-07.D,17.878,265,JTB-E02-200-08.D,17.870,1237,JTB-E02-200-11.D,17.887,15870,JTB-E02-200-12.D,17.887,16632,JTB-E02-200-13.D,17.887,19640,JTB-E02-200-14.D,17.879,22589,JTB-E02-200-15.D,17.887,31296,JTB-E02-200-16.D,17.887,26201,JTB-E02-200-17.D,17.878,29850,JTB-E02-201-06.D,17.879,984,JTB-E02-201-07.D,17.878,152,JTB-E02-201-08.D,17.870,123,JTB-E02-201-11.D,17.887,14358,JTB-E02-201-12.D,17.887,17517,JTB-E02-201-13.D,17.887,13513,JTB-E02-201-14.D,17.887,17350,JTB-E02-201-15.D,17.887,19082,JTB-E02-201-16.D,17.887,25342,JTB-E02-201-17.D,17.878,19071
Furfural,JTB-E02-199-06.D,18.114,12534,JTB-E02-199-07.D,18.122,16421,JTB-E02-199-08.D,18.130,557,JTB-E02-199-11.D,18.114,1411725,JTB-E02-199-12.D,18.098,1280151,JTB-E02-199-13.D,18.122,1647070,JTB-E02-199-14.D,18.122,1469787,JTB-E02-199-15.D,18.114,1685341,JTB-E02-199-16.D,18.114,1744778,JTB-E02-199-17.D,18.114,1624465,JTB-E02-200-06.D,,,JTB-E02-200-07.D,18.138,57114,JTB-E02-200-08.D,18.139,42958,JTB-E02-200-11.D,18.122,1876654,JTB-E02-200-12.D,18.122,2311001,JTB-E02-200-13.D,18.122,2092587,JTB-E02-200-14.D,18.114,651210,JTB-E02-200-15.D,18.114,307909,JTB-E02-200-16.D,18.114,1028592,JTB-E02-200-17.D,18.114,1174442,JTB-E02-201-06.D,18.130,42257,JTB-E02-201-07.D,18.130,46144,JTB-E02-201-08.D,18.138,3061,JTB-E02-201-11.D,18.122,2387678,JTB-E02-201-12.D,18.122,2157354,JTB-E02-201-13.D,18.122,2141248,JTB-E02-201-14.D,18.114,484464,JTB-E02-201-15.D,18.114,237362,JTB-E02-201-16.D,18.114,833174,JTB-E02-201-17.D,18.106,890536
Ethyl 2-(5-methyl-5-vinyltetrahydrofuran-2-yl)propan-2-yl carbonate1,JTB-E02-199-06.D,,,JTB-E02-199-07.D,18.488,341,JTB-E02-199-08.D,18.520,555,JTB-E02-199-11.D,18.496,30942,JTB-E02-199-12.D,18.488,10253,JTB-E02-199-13.D,18.504,46776,JTB-E02-199-14.D,18.504,54295,JTB-E02-199-15.D,18.496,64951,JTB-E02-199-16.D,18.496,60479,JTB-E02-199-17.D,18.496,52973,JTB-E02-200-06.D,18.480,716,JTB-E02-200-07.D,18.520,370,JTB-E02-200-08.D,18.496,391,JTB-E02-200-11.D,18.504,37669,JTB-E02-200-12.D,18.504,39656,JTB-E02-200-13.D,18.504,42555,JTB-E02-200-14.D,18.496,79608,JTB-E02-200-15.D,18.496,88541,JTB-E02-200-16.D,18.504,63420,JTB-E02-200-17.D,18.496,73951,JTB-E02-201-06.D,18.488,1210,JTB-E02-201-07.D,18.480,665,JTB-E02-201-08.D,18.496,293,JTB-E02-201-11.D,18.496,33918,JTB-E02-201-12.D,18.504,45915,JTB-E02-201-13.D,18.504,41554,JTB-E02-201-14.D,18.496,94506,JTB-E02-201-15.D,18.496,108982,JTB-E02-201-16.D,18.496,115564,JTB-E02-201-17.D,18.496,84065
Acetic acid?,JTB-E02-199-06.D,,,JTB-E02-199-07.D,19.007,547,JTB-E02-199-08.D,18.975,276,JTB-E02-199-11.D,18.983,406,JTB-E02-199-12.D,18.975,1587,JTB-E02-199-13.D,19.024,177,JTB-E02-199-14.D,19.008,370,JTB-E02-199-15.D,18.975,1817,JTB-E02-199-16.D,18.992,156,JTB-E02-199-17.D,19.008,210,JTB-E02-200-06.D,19.008,38,JTB-E02-200-07.D,,,JTB-E02-200-08.D,19.016,628,JTB-E02-200-11.D,18.983,9063,JTB-E02-200-12.D,18.975,4480,JTB-E02-200-13.D,,,JTB-E02-200-14.D,18.975,1340,JTB-E02-200-15.D,18.967,317,JTB-E02-200-16.D,18.975,778,JTB-E02-200-17.D,18.991,8652,JTB-E02-201-06.D,,,JTB-E02-201-07.D,18.975,221,JTB-E02-201-08.D,18.991,1249,JTB-E02-201-11.D,,,JTB-E02-201-12.D,18.959,7873,JTB-E02-201-13.D,19.008,39990,JTB-E02-201-14.D,18.983,7144,JTB-E02-201-15.D,18.967,12866,JTB-E02-201-16.D,19.008,4321,JTB-E02-201-17.D,,
2-Ethyl-1-hexanol,JTB-E02-199-06.D,19.113,7898,JTB-E02-199-07.D,19.137,8778,JTB-E02-199-08.D,19.146,732,JTB-E02-199-11.D,19.130,28962,JTB-E02-199-12.D,19.113,37073,JTB-E02-199-13.D,19.130,46887,JTB-E02-199-14.D,19.138,39323,JTB-E02-199-15.D,19.121,51854,JTB-E02-199-16.D,19.130,52536,JTB-E02-199-17.D,19.130,45402,JTB-E02-200-06.D,19.154,4268,JTB-E02-200-07.D,19.146,2665,JTB-E02-200-08.D,19.130,4471,JTB-E02-200-11.D,19.129,30984,JTB-E02-200-12.D,19.138,39686,JTB-E02-200-13.D,19.130,34349,JTB-E02-200-14.D,19.121,35887,JTB-E02-200-15.D,19.121,46469,JTB-E02-200-16.D,19.130,41519,JTB-E02-200-17.D,19.121,41319,JTB-E02-201-06.D,19.121,3542,JTB-E02-201-07.D,19.170,328,JTB-E02-201-08.D,,,JTB-E02-201-11.D,19.138,45074,JTB-E02-201-12.D,19.121,26469,JTB-E02-201-13.D,19.130,26744,JTB-E02-201-14.D,19.129,39339,JTB-E02-201-15.D,19.121,41110,JTB-E02-201-16.D,19.121,45102,JTB-E02-201-17.D,19.121,37306
"Ethanone, 1-(2-furanyl)-",JTB-E02-199-06.D,19.398,787,JTB-E02-199-07.D,19.414,868,JTB-E02-199-08.D,19.406,328,JTB-E02-199-11.D,19.398,50060,JTB-E02-199-12.D,19.373,66350,JTB-E02-199-13.D,19.398,48266,JTB-E02-199-14.D,19.406,77026,JTB-E02-199-15.D,19.389,100303,JTB-E02-199-16.D,19.398,98908,JTB-E02-199-17.D,19.398,90113,JTB-E02-200-06.D,19.381,360,JTB-E02-200-07.D,19.438,1573,JTB-E02-200-08.D,,,JTB-E02-200-11.D,19.398,76992,JTB-E02-200-12.D,19.398,61197,JTB-E02-200-13.D,19.398,97161,JTB-E02-200-14.D,19.389,83876,JTB-E02-200-15.D,19.397,99528,JTB-E02-200-16.D,19.398,84678,JTB-E02-200-17.D,19.389,84365,JTB-E02-201-06.D,19.422,5473,JTB-E02-201-07.D,19.438,3273,JTB-E02-201-08.D,19.414,672,JTB-E02-201-11.D,19.398,88744,JTB-E02-201-12.D,19.406,85455,JTB-E02-201-13.D,19.398,78246,JTB-E02-201-14.D,19.397,86551,JTB-E02-201-15.D,19.398,78221,JTB-E02-201-16.D,19.397,88664,JTB-E02-201-17.D,19.389,82288
Dill ether,JTB-E02-199-06.D,19.820,224,JTB-E02-199-07.D,,,JTB-E02-199-08.D,,,JTB-E02-199-11.D,19.820,78737,JTB-E02-199-12.D,19.812,69197,JTB-E02-199-13.D,19.836,104807,JTB-E02-199-14.D,19.820,111716,JTB-E02-199-15.D,19.812,138817,JTB-E02-199-16.D,19.820,132406,JTB-E02-199-17.D,19.820,126262,JTB-E02-200-06.D,,,JTB-E02-200-07.D,19.812,140,JTB-E02-200-08.D,19.836,914,JTB-E02-200-11.D,19.828,27010,JTB-E02-200-12.D,19.820,37521,JTB-E02-200-13.D,19.828,30047,JTB-E02-200-14.D,19.820,31432,JTB-E02-200-15.D,19.820,44694,JTB-E02-200-16.D,19.820,39697,JTB-E02-200-17.D,19.820,44103,JTB-E02-201-06.D,,,JTB-E02-201-07.D,,,JTB-E02-201-08.D,,,JTB-E02-201-11.D,19.828,17533,JTB-E02-201-12.D,19.828,19427,JTB-E02-201-13.D,19.820,20233,JTB-E02-201-14.D,19.820,11149,JTB-E02-201-15.D,19.812,31420,JTB-E02-201-16.D,19.820,30485,JTB-E02-201-17.D,19.820,25921
Benzaldehyde,JTB-E02-199-06.D,19.942,246246,JTB-E02-199-07.D,19.942,234392,JTB-E02-199-08.D,19.950,2258,JTB-E02-199-11.D,19.918,18752198,JTB-E02-199-12.D,19.909,20165301,JTB-E02-199-13.D,19.926,24229413,JTB-E02-199-14.D,19.926,19640527,JTB-E02-199-15.D,19.917,17232287,JTB-E02-199-16.D,19.926,17737976,JTB-E02-199-17.D,19.926,17250611,JTB-E02-200-06.D,19.942,1054197,JTB-E02-200-07.D,,,JTB-E02-200-08.D,,,JTB-E02-200-11.D,19.934,23386625,JTB-E02-200-12.D,19.926,24107861,JTB-E02-200-13.D,19.934,24222892,JTB-E02-200-14.D,19.917,6676090,JTB-E02-200-15.D,19.925,3463072,JTB-E02-200-16.D,19.918,9415697,JTB-E02-200-17.D,19.917,10955988,JTB-E02-201-06.D,,,JTB-E02-201-07.D,,,JTB-E02-201-08.D,,,JTB-E02-201-11.D,19.934,22377730,JTB-E02-201-12.D,19.926,21032568,JTB-E02-201-13.D,19.926,21960307,JTB-E02-201-14.D,19.925,4123724,JTB-E02-201-15.D,19.926,2025821,JTB-E02-201-16.D,19.917,6034004,JTB-E02-201-17.D,19.917,6516111
p-Trimethylsilyloxyphenyl-(trimethylsilyloxy)trimethylsilylacrylate,JTB-E02-199-06.D,20.299,994636,JTB-E02-199-07.D,20.307,790175,JTB-E02-199-08.D,20.324,4406,JTB-E02-199-11.D,20.307,292482,JTB-E02-199-12.D,20.307,262779,JTB-E02-199-13.D,20.307,438565,JTB-E02-199-14.D,20.307,210664,JTB-E02-199-15.D,20.307,204085,JTB-E02-199-16.D,20.307,310090,JTB-E02-199-17.D,20.307,389270,JTB-E02-200-06.D,20.299,293066,JTB-E02-200-07.D,20.315,348839,JTB-E02-200-08.D,20.307,283757,JTB-E02-200-11.D,20.307,330390,JTB-E02-200-12.D,20.307,309936,JTB-E02-200-13.D,20.307,369881,JTB-E02-200-14.D,20.307,256133,JTB-E02-200-15.D,20.307,241174,JTB-E02-200-16.D,20.307,315865,JTB-E02-200-17.D,20.299,283516,JTB-E02-201-06.D,20.299,324674,JTB-E02-201-07.D,20.307,325400,JTB-E02-201-08.D,20.315,53056,JTB-E02-201-11.D,20.307,699380,JTB-E02-201-12.D,20.307,322949,JTB-E02-201-13.D,20.316,307458,JTB-E02-201-14.D,20.307,263672,JTB-E02-201-15.D,20.307,279149,JTB-E02-201-16.D,20.307,340597,JTB-E02-201-17.D,20.307,257638
Linalool,JTB-E02-199-06.D,,,JTB-E02-199-07.D,20.835,407,JTB-E02-199-08.D,20.844,229,JTB-E02-199-11.D,20.835,106317,JTB-E02-199-12.D,20.827,150315,JTB-E02-199-13.D,20.844,134828,JTB-E02-199-14.D,20.843,164407,JTB-E02-199-15.D,20.835,173253,JTB-E02-199-16.D,20.835,162510,JTB-E02-199-17.D,20.835,127907,JTB-E02-200-06.D,20.852,1965,JTB-E02-200-07.D,20.868,2266,JTB-E02-200-08.D,20.844,1034,JTB-E02-200-11.D,20.843,70816,JTB-E02-200-12.D,20.835,71253,JTB-E02-200-13.D,20.844,58401,JTB-E02-200-14.D,20.835,53564,JTB-E02-200-15.D,20.835,86263,JTB-E02-200-16.D,20.835,66314,JTB-E02-200-17.D,20.835,75719,JTB-E02-201-06.D,20.860,146,JTB-E02-201-07.D,20.851,334,JTB-E02-201-08.D,20.860,296,JTB-E02-201-11.D,20.835,39086,JTB-E02-201-12.D,20.843,47569,JTB-E02-201-13.D,20.835,37572,JTB-E02-201-14.D,20.835,44114,JTB-E02-201-15.D,20.835,54400,JTB-E02-201-16.D,20.835,58461,JTB-E02-201-17.D,20.843,55832
1-Octanol,JTB-E02-199-06.D,21.193,747,JTB-E02-199-07.D,21.193,1668,JTB-E02-199-08.D,21.225,531,JTB-E02-199-11.D,21.185,31002,JTB-E02-199-12.D,21.177,30594,JTB-E02-199-13.D,21.193,39715,JTB-E02-199-14.D,21.185,59485,JTB-E02-199-15.D,21.177,80718,JTB-E02-199-16.D,21.177,67823,JTB-E02-199-17.D,21.185,60911,JTB-E02-200-06.D,21.193,2676,JTB-E02-200-07.D,21.201,1869,JTB-E02-200-08.D,21.209,1101,JTB-E02-200-11.D,21.185,16461,JTB-E02-200-12.D,21.185,17671,JTB-E02-200-13.D,21.185,20170,JTB-E02-200-14.D,21.185,30298,JTB-E02-200-15.D,21.176,48435,JTB-E02-200-16.D,21.177,33508,JTB-E02-200-17.D,21.176,34926,JTB-E02-201-06.D,21.177,726,JTB-E02-201-07.D,21.217,3942,JTB-E02-201-08.D,21.217,1957,JTB-E02-201-11.D,21.177,12968,JTB-E02-201-12.D,21.185,11737,JTB-E02-201-13.D,21.185,9206,JTB-E02-201-14.D,21.176,23941,JTB-E02-201-15.D,21.185,31566,JTB-E02-201-16.D,21.185,34648,JTB-E02-201-17.D,21.185,26022
"Phosphonoacetic Acid, 3TMS derivative",JTB-E02-199-06.D,21.859,112566,JTB-E02-199-07.D,21.867,88468,JTB-E02-199-08.D,21.875,1668,JTB-E02-199-11.D,21.867,23061,JTB-E02-199-12.D,21.867,25605,JTB-E02-199-13.D,21.875,25526,JTB-E02-199-14.D,21.875,14514,JTB-E02-199-15.D,21.875,18339,JTB-E02-199-16.D,21.867,23202,JTB-E02-199-17.D,21.867,31011,JTB-E02-200-06.D,21.867,23507,JTB-E02-200-07.D,21.867,29255,JTB-E02-200-08.D,21.867,28280,JTB-E02-200-11.D,21.883,19354,JTB-E02-200-12.D,21.875,19588,JTB-E02-200-13.D,21.875,24197,JTB-E02-200-14.D,21.867,15094,JTB-E02-200-15.D,21.875,19738,JTB-E02-200-16.D,21.867,20494,JTB-E02-200-17.D,21.859,19292,JTB-E02-201-06.D,21.859,35371,JTB-E02-201-07.D,21.867,27647,JTB-E02-201-08.D,21.883,5689,JTB-E02-201-11.D,21.867,34336,JTB-E02-201-12.D,21.875,23386,JTB-E02-201-13.D,21.867,24592,JTB-E02-201-14.D,21.867,14653,JTB-E02-201-15.D,21.867,17226,JTB-E02-201-16.D,21.875,19211,JTB-E02-201-17.D,21.867,18322
Benzonitrile,JTB-E02-199-06.D,22.387,5738,JTB-E02-199-07.D,22.370,7033,JTB-E02-199-08.D,22.363,374,JTB-E02-199-11.D,22.354,109665,JTB-E02-199-12.D,22.346,114756,JTB-E02-199-13.D,22.363,160842,JTB-E02-199-14.D,22.354,162237,JTB-E02-199-15.D,22.354,158979,JTB-E02-199-16.D,22.355,161511,JTB-E02-199-17.D,22.354,143189,JTB-E02-200-06.D,22.379,11865,JTB-E02-200-07.D,,,JTB-E02-200-08.D,22.379,13186,JTB-E02-200-11.D,22.362,117152,JTB-E02-200-12.D,22.354,146954,JTB-E02-200-13.D,22.354,132257,JTB-E02-200-14.D,22.354,85202,JTB-E02-200-15.D,22.354,107594,JTB-E02-200-16.D,22.354,104745,JTB-E02-200-17.D,22.362,120662,JTB-E02-201-06.D,22.387,12387,JTB-E02-201-07.D,22.387,17983,JTB-E02-201-08.D,,,JTB-E02-201-11.D,22.363,109717,JTB-E02-201-12.D,22.362,94361,JTB-E02-201-13.D,22.363,101483,JTB-E02-201-14.D,22.346,82519,JTB-E02-201-15.D,22.354,72438,JTB-E02-201-16.D,22.354,83374,JTB-E02-201-17.D,22.346,77925
Terpinen-4-ol,JTB-E02-199-06.D,,,JTB-E02-199-07.D,,,JTB-E02-199-08.D,,,JTB-E02-199-11.D,22.444,22211,JTB-E02-199-12.D,22.427,26000,JTB-E02-199-13.D,22.436,29249,JTB-E02-199-14.D,22.444,31784,JTB-E02-199-15.D,22.452,29964,JTB-E02-199-16.D,22.444,34837,JTB-E02-199-17.D,22.444,30909,JTB-E02-200-06.D,22.476,305,JTB-E02-200-07.D,22.452,343,JTB-E02-200-08.D,22.468,445,JTB-E02-200-11.D,22.444,21025,JTB-E02-200-12.D,22.444,21255,JTB-E02-200-13.D,22.444,7832,JTB-E02-200-14.D,22.436,13833,JTB-E02-200-15.D,22.435,21755,JTB-E02-200-16.D,22.428,16090,JTB-E02-200-17.D,22.435,20613,JTB-E02-201-06.D,22.460,596,JTB-E02-201-07.D,22.435,368,JTB-E02-201-08.D,22.419,893,JTB-E02-201-11.D,22.452,12636,JTB-E02-201-12.D,22.444,11162,JTB-E02-201-13.D,22.444,11399,JTB-E02-201-14.D,22.436,15148,JTB-E02-201-15.D,22.444,14116,JTB-E02-201-16.D,22.444,16703,JTB-E02-201-17.D,22.444,16447
"Butanoic acid, 4-hydroxy-",JTB-E02-199-06.D,22.947,10342,JTB-E02-199-07.D,22.972,42110,JTB-E02-199-08.D,22.956,4952,JTB-E02-199-11.D,22.947,69768,JTB-E02-199-12.D,22.939,44044,JTB-E02-199-13.D,22.964,67313,JTB-E02-199-14.D,22.955,48876,JTB-E02-199-15.D,22.947,51518,JTB-E02-199-16.D,22.956,69628,JTB-E02-199-17.D,22.947,30194,JTB-E02-200-06.D,22.964,26621,JTB-E02-200-07.D,22.972,17443,JTB-E02-200-08.D,22.964,38994,JTB-E02-200-11.D,22.955,50630,JTB-E02-200-12.D,22.947,34623,JTB-E02-200-13.D,22.956,66787,JTB-E02-200-14.D,22.947,46172,JTB-E02-200-15.D,22.955,62677,JTB-E02-200-16.D,22.956,59501,JTB-E02-200-17.D,22.955,52134,JTB-E02-201-06.D,22.964,24003,JTB-E02-201-07.D,22.955,1263,JTB-E02-201-08.D,22.980,19124,JTB-E02-201-11.D,22.956,77797,JTB-E02-201-12.D,22.955,59257,JTB-E02-201-13.D,22.956,46888,JTB-E02-201-14.D,22.955,59125,JTB-E02-201-15.D,22.947,56213,JTB-E02-201-16.D,22.939,36907,JTB-E02-201-17.D,22.947,33380
Acetophenone,JTB-E02-199-06.D,23.703,32617,JTB-E02-199-07.D,23.703,40610,JTB-E02-199-08.D,23.695,1727,JTB-E02-199-11.D,23.687,487517,JTB-E02-199-12.D,23.678,485061,JTB-E02-199-13.D,23.687,626841,JTB-E02-199-14.D,23.695,617693,JTB-E02-199-15.D,23.687,653188,JTB-E02-199-16.D,23.687,703645,JTB-E02-199-17.D,23.687,568794,JTB-E02-200-06.D,23.711,46000,JTB-E02-200-07.D,23.719,71488,JTB-E02-200-08.D,23.703,1580,JTB-E02-200-11.D,23.687,536872,JTB-E02-200-12.D,23.687,597779,JTB-E02-200-13.D,23.695,574731,JTB-E02-200-14.D,23.687,486916,JTB-E02-200-15.D,23.686,552875,JTB-E02-200-16.D,23.687,488697,JTB-E02-200-17.D,23.686,516743,JTB-E02-201-06.D,23.703,49339,JTB-E02-201-07.D,23.703,69059,JTB-E02-201-08.D,23.711,32843,JTB-E02-201-11.D,23.687,514866,JTB-E02-201-12.D,23.687,452886,JTB-E02-201-13.D,23.695,501749,JTB-E02-201-14.D,23.686,430470,JTB-E02-201-15.D,23.679,400069,JTB-E02-201-16.D,23.686,502118,JTB-E02-201-17.D,23.686,463427
"Silanediol, dimethyl-",JTB-E02-199-06.D,23.800,13664837,JTB-E02-199-07.D,23.808,10971008,JTB-E02-199-08.D,23.817,238859,JTB-E02-199-11.D,23.809,8565820,JTB-E02-199-12.D,23.808,5804987,JTB-E02-199-13.D,23.808,11689180,JTB-E02-199-14.D,23.817,4137148,JTB-E02-199-15.D,23.808,4518670,JTB-E02-199-16.D,23.809,6305563,JTB-E02-199-17.D,23.808,9124374,JTB-E02-200-06.D,23.808,8528649,JTB-E02-200-07.D,23.808,8468240,JTB-E02-200-08.D,23.817,8447614,JTB-E02-200-11.D,23.817,5610061,JTB-E02-200-12.D,23.817,4425594,JTB-E02-200-13.D,23.817,8553932,JTB-E02-200-14.D,23.817,4934292,JTB-E02-200-15.D,23.816,4657126,JTB-E02-200-16.D,23.808,6315221,JTB-E02-200-17.D,23.816,5056819,JTB-E02-201-06.D,23.808,8964616,JTB-E02-201-07.D,23.808,8220064,JTB-E02-201-08.D,23.816,3948763,JTB-E02-201-11.D,23.817,9391850,JTB-E02-201-12.D,23.817,5865136,JTB-E02-201-13.D,23.817,6512021,JTB-E02-201-14.D,23.816,3942655,JTB-E02-201-15.D,23.809,5027821,JTB-E02-201-16.D,23.816,5037060,JTB-E02-201-17.D,23.816,3861392
3-Furanmethanol,JTB-E02-199-06.D,24.060,720,JTB-E02-199-07.D,24.036,330,JTB-E02-199-08.D,,,JTB-E02-199-11.D,24.060,10513,JTB-E02-199-12.D,24.052,13611,JTB-E02-199-13.D,24.060,13802,JTB-E02-199-14.D,24.052,29781,JTB-E02-199-15.D,24.052,58574,JTB-E02-199-16.D,24.044,50726,JTB-E02-199-17.D,24.060,29934,JTB-E02-200-06.D,24.044,1705,JTB-E02-200-07.D,24.076,1400,JTB-E02-200-08.D,24.093,822,JTB-E02-200-11.D,24.060,11648,JTB-E02-200-12.D,24.060,16041,JTB-E02-200-13.D,24.052,14832,JTB-E02-200-14.D,24.052,90442,JTB-E02-200-15.D,24.052,100132,JTB-E02-200-16.D,24.052,89022,JTB-E02-200-17.D,24.052,69804,JTB-E02-201-06.D,24.036,2373,JTB-E02-201-07.D,24.060,1595,JTB-E02-201-08.D,24.076,1218,JTB-E02-201-11.D,24.060,15733,JTB-E02-201-12.D,24.060,12572,JTB-E02-201-13.D,24.052,11097,JTB-E02-201-14.D,24.052,127344,JTB-E02-201-15.D,24.052,103936,JTB-E02-201-16.D,24.060,108862,JTB-E02-201-17.D,24.052,106073
"3,4-Dihydroxyphenylglycol, 4TMS derivative",JTB-E02-199-06.D,24.426,145867,JTB-E02-199-07.D,24.426,95783,JTB-E02-199-08.D,24.442,4402,JTB-E02-199-11.D,24.426,48602,JTB-E02-199-12.D,24.426,36940,JTB-E02-199-13.D,24.434,16282,JTB-E02-199-14.D,24.426,23841,JTB-E02-199-15.D,24.434,31543,JTB-E02-199-16.D,24.426,17949,JTB-E02-199-17.D,24.434,59006,JTB-E02-200-06.D,24.426,39225,JTB-E02-200-07.D,24.434,33096,JTB-E02-200-08.D,24.434,20843,JTB-E02-200-11.D,24.434,30361,JTB-E02-200-12.D,24.434,16302,JTB-E02-200-13.D,24.434,52278,JTB-E02-200-14.D,24.434,27660,JTB-E02-200-15.D,24.434,15649,JTB-E02-200-16.D,24.434,42554,JTB-E02-200-17.D,24.434,24741,JTB-E02-201-06.D,24.426,37798,JTB-E02-201-07.D,24.434,34950,JTB-E02-201-08.D,24.434,16628,JTB-E02-201-11.D,24.434,27344,JTB-E02-201-12.D,24.434,36940,JTB-E02-201-13.D,24.434,34235,JTB-E02-201-14.D,24.426,14818,JTB-E02-201-15.D,24.434,31677,JTB-E02-201-16.D,24.434,28066,JTB-E02-201-17.D,24.426,14694
"Benzaldehyde, 3-hydroxy-",JTB-E02-199-06.D,,,JTB-E02-199-07.D,,,JTB-E02-199-08.D,,,JTB-E02-199-11.D,24.572,183853,JTB-E02-199-12.D,24.572,172372,JTB-E02-199-13.D,24.580,204184,JTB-E02-199-14.D,24.580,161362,JTB-E02-199-15.D,24.580,178174,JTB-E02-199-16.D,24.572,194653,JTB-E02-199-17.D,24.564,185015,JTB-E02-200-06.D,,,JTB-E02-200-07.D,,,JTB-E02-200-08.D,,,JTB-E02-200-11.D,24.572,132233,JTB-E02-200-12.D,24.564,166122,JTB-E02-200-13.D,24.572,186532,JTB-E02-200-14.D,24.564,65158,JTB-E02-200-15.D,24.572,53354,JTB-E02-200-16.D,24.572,74781,JTB-E02-200-17.D,24.572,77477,JTB-E02-201-06.D,,,JTB-E02-201-07.D,,,JTB-E02-201-08.D,,,JTB-E02-201-11.D,24.564,123242,JTB-E02-201-12.D,24.564,118758,JTB-E02-201-13.D,24.580,130395,JTB-E02-201-14.D,24.572,34991,JTB-E02-201-15.D,24.580,19928,JTB-E02-201-16.D,24.580,45690,JTB-E02-201-17.D,24.580,51615
"3-(3-Oxo-2-prop-2-ynyl-cyclopentyl)-propionic acid, methyl ester",JTB-E02-199-06.D,24.897,404,JTB-E02-199-07.D,24.921,549,JTB-E02-199-08.D,,,JTB-E02-199-11.D,24.913,224339,JTB-E02-199-12.D,24.905,300794,JTB-E02-199-13.D,24.913,285936,JTB-E02-199-14.D,24.913,333492,JTB-E02-199-15.D,24.913,370793,JTB-E02-199-16.D,24.913,363577,JTB-E02-199-17.D,24.913,303354,JTB-E02-200-06.D,24.905,2934,JTB-E02-200-07.D,24.913,940,JTB-E02-200-08.D,24.921,3949,JTB-E02-200-11.D,24.913,296946,JTB-E02-200-12.D,24.913,334681,JTB-E02-200-13.D,24.921,273487,JTB-E02-200-14.D,24.913,252197,JTB-E02-200-15.D,24.913,318446,JTB-E02-200-16.D,24.913,279912,JTB-E02-200-17.D,24.905,306774,JTB-E02-201-06.D,24.913,2056,JTB-E02-201-07.D,24.905,502,JTB-E02-201-08.D,24.905,294,JTB-E02-201-11.D,24.913,284401,JTB-E02-201-12.D,24.913,286516,JTB-E02-201-13.D,24.921,230842,JTB-E02-201-14.D,24.913,252434,JTB-E02-201-15.D,24.905,287475,JTB-E02-201-16.D,24.905,337994,JTB-E02-201-17.D,24.913,228812
Terpineol,JTB-E02-199-06.D,25.173,2825,JTB-E02-199-07.D,25.149,2234,JTB-E02-199-08.D,,,JTB-E02-199-11.D,25.165,517294,JTB-E02-199-12.D,25.157,724171,JTB-E02-199-13.D,25.165,677692,JTB-E02-199-14.D,25.173,812562,JTB-E02-199-15.D,25.165,967146,JTB-E02-199-16.D,25.165,859852,JTB-E02-199-17.D,25.165,801364,JTB-E02-200-06.D,25.173,16026,JTB-E02-200-07.D,25.181,22008,JTB-E02-200-08.D,25.173,21732,JTB-E02-200-11.D,25.173,600332,JTB-E02-200-12.D,25.173,650111,JTB-E02-200-13.D,25.173,599564,JTB-E02-200-14.D,25.165,603958,JTB-E02-200-15.D,25.165,743852,JTB-E02-200-16.D,25.165,700255,JTB-E02-200-17.D,25.165,678649,JTB-E02-201-06.D,25.181,12099,JTB-E02-201-07.D,25.189,16961,JTB-E02-201-08.D,25.165,4150,JTB-E02-201-11.D,25.165,513413,JTB-E02-201-12.D,25.165,478981,JTB-E02-201-13.D,25.165,488455,JTB-E02-201-14.D,25.165,520680,JTB-E02-201-15.D,25.165,674453,JTB-E02-201-16.D,25.165,691739,JTB-E02-201-17.D,25.165,632216
"Bicyclo[2.2.1]heptan-2-ol, 1,7,7-trimethyl-, (1S-endo)-",JTB-E02-199-06.D,25.287,487,JTB-E02-199-07.D,25.262,1457,JTB-E02-199-08.D,,,JTB-E02-199-11.D,25.295,56104,JTB-E02-199-12.D,25.287,69804,JTB-E02-199-13.D,25.295,75102,JTB-E02-199-14.D,25.295,400947,JTB-E02-199-15.D,25.295,459746,JTB-E02-199-16.D,25.295,419275,JTB-E02-199-17.D,25.295,377447,JTB-E02-200-06.D,25.295,290,JTB-E02-200-07.D,,,JTB-E02-200-08.D,25.271,174,JTB-E02-200-11.D,25.303,55504,JTB-E02-200-12.D,25.303,58648,JTB-E02-200-13.D,25.295,60830,JTB-E02-200-14.D,25.287,603165,JTB-E02-200-15.D,25.295,749974,JTB-E02-200-16.D,25.295,567898,JTB-E02-200-17.D,25.287,557826,JTB-E02-201-06.D,25.271,641,JTB-E02-201-07.D,25.303,70,JTB-E02-201-08.D,25.279,61,JTB-E02-201-11.D,25.295,47299,JTB-E02-201-12.D,25.295,51846,JTB-E02-201-13.D,25.287,45362,JTB-E02-201-14.D,25.295,634675,JTB-E02-201-15.D,25.295,780629,JTB-E02-201-16.D,25.295,776249,JTB-E02-201-17.D,25.295,643780
"1, 1, 5-Trimethyl-1, 2-dihydronaphthalene",JTB-E02-199-06.D,26.424,4623,JTB-E02-199-07.D,26.448,978,JTB-E02-199-08.D,,,JTB-E02-199-11.D,26.416,555320,JTB-E02-199-12.D,26.416,648684,JTB-E02-199-13.D,26.416,916474,JTB-E02-199-14.D,26.416,695110,JTB-E02-199-15.D,26.416,1091039,JTB-E02-199-16.D,26.416,868150,JTB-E02-199-17.D,26.416,715079,JTB-E02-200-06.D,26.424,30571,JTB-E02-200-07.D,26.432,75903,JTB-E02-200-08.D,26.440,49119,JTB-E02-200-11.D,26.416,33638,JTB-E02-200-12.D,26.432,72276,JTB-E02-200-13.D,26.424,44939,JTB-E02-200-14.D,26.416,47162,JTB-E02-200-15.D,26.416,76760,JTB-E02-200-16.D,26.416,81113,JTB-E02-200-17.D,26.408,88525,JTB-E02-201-06.D,26.432,10217,JTB-E02-201-07.D,26.440,8580,JTB-E02-201-08.D,26.432,4294,JTB-E02-201-11.D,26.424,34073,JTB-E02-201-12.D,26.424,30031,JTB-E02-201-13.D,26.424,26387,JTB-E02-201-14.D,26.424,28089,JTB-E02-201-15.D,26.424,21080,JTB-E02-201-16.D,26.408,35144,JTB-E02-201-17.D,26.416,24192
"Oxime-, methoxy-phenyl-_",JTB-E02-199-06.D,27.017,7141,JTB-E02-199-07.D,27.017,21007,JTB-E02-199-08.D,,,JTB-E02-199-11.D,27.033,3058,JTB-E02-199-12.D,27.033,1176,JTB-E02-199-13.D,27.025,2310,JTB-E02-199-14.D,27.041,1139,JTB-E02-199-15.D,27.033,124,JTB-E02-199-16.D,27.050,808,JTB-E02-199-17.D,27.050,1877,JTB-E02-200-06.D,27.025,4074,JTB-E02-200-07.D,27.041,1405,JTB-E02-200-08.D,27.041,2004,JTB-E02-200-11.D,,,JTB-E02-200-12.D,27.041,809,JTB-E02-200-13.D,27.074,2615,JTB-E02-200-14.D,27.050,609,JTB-E02-200-15.D,27.033,496,JTB-E02-200-16.D,27.050,718,JTB-E02-200-17.D,27.049,1611,JTB-E02-201-06.D,27.033,4228,JTB-E02-201-07.D,27.033,2417,JTB-E02-201-08.D,27.033,180,JTB-E02-201-11.D,27.058,5122,JTB-E02-201-12.D,27.050,553,JTB-E02-201-13.D,27.066,1431,JTB-E02-201-14.D,27.041,84,JTB-E02-201-15.D,27.025,876,JTB-E02-201-16.D,27.049,1079,JTB-E02-201-17.D,27.041,212
Methyl salicylate,JTB-E02-199-06.D,27.196,6106,JTB-E02-199-07.D,27.212,3699,JTB-E02-199-08.D,27.188,186,JTB-E02-199-11.D,27.204,46368,JTB-E02-199-12.D,27.212,44271,JTB-E02-199-13.D,27.204,56124,JTB-E02-199-14.D,27.204,65294,JTB-E02-199-15.D,27.204,94852,JTB-E02-199-16.D,27.204,85794,JTB-E02-199-17.D,27.196,86549,JTB-E02-200-06.D,27.204,6818,JTB-E02-200-07.D,27.220,10497,JTB-E02-200-08.D,27.204,5096,JTB-E02-200-11.D,27.204,14676,JTB-E02-200-12.D,27.212,28751,JTB-E02-200-13.D,27.204,33058,JTB-E02-200-14.D,27.204,55759,JTB-E02-200-15.D,27.204,80717,JTB-E02-200-16.D,27.196,60371,JTB-E02-200-17.D,27.196,35497,JTB-E02-201-06.D,27.220,4339,JTB-E02-201-07.D,27.212,5843,JTB-E02-201-08.D,27.228,4590,JTB-E02-201-11.D,27.204,23000,JTB-E02-201-12.D,27.204,16288,JTB-E02-201-13.D,27.204,26418,JTB-E02-201-14.D,27.212,49534,JTB-E02-201-15.D,27.204,58703,JTB-E02-201-16.D,27.196,55324,JTB-E02-201-17.D,27.196,49474
(-)-Myrtenol,JTB-E02-199-06.D,27.829,412,JTB-E02-199-07.D,27.805,668,JTB-E02-199-08.D,27.854,145,JTB-E02-199-11.D,27.813,2791,JTB-E02-199-12.D,27.829,1241,JTB-E02-199-13.D,27.813,1879,JTB-E02-199-14.D,27.813,18649,JTB-E02-199-15.D,27.813,25030,JTB-E02-199-16.D,27.805,22494,JTB-E02-199-17.D,27.805,19653,JTB-E02-200-06.D,27.837,451,JTB-E02-200-07.D,27.821,845,JTB-E02-200-08.D,27.813,685,JTB-E02-200-11.D,27.805,1835,JTB-E02-200-12.D,27.813,1021,JTB-E02-200-13.D,27.797,1717,JTB-E02-200-14.D,27.813,34893,JTB-E02-200-15.D,27.805,42691,JTB-E02-200-16.D,27.813,25389,JTB-E02-200-17.D,27.813,29920,JTB-E02-201-06.D,27.813,414,JTB-E02-201-07.D,27.772,126,JTB-E02-201-08.D,27.829,619,JTB-E02-201-11.D,27.813,2631,JTB-E02-201-12.D,27.789,1455,JTB-E02-201-13.D,27.813,1730,JTB-E02-201-14.D,27.805,38400,JTB-E02-201-15.D,27.805,44212,JTB-E02-201-16.D,27.805,47122,JTB-E02-201-17.D,27.805,38106
"Cyclotrisiloxane, hexamethyl-    1",JTB-E02-199-06.D,,,JTB-E02-199-07.D,28.382,2835087,JTB-E02-199-08.D,28.398,250,JTB-E02-199-11.D,28.382,57903,JTB-E02-199-12.D,28.382,157071,JTB-E02-199-13.D,28.398,188400,JTB-E02-199-14.D,28.398,48335,JTB-E02-199-15.D,28.406,38794,JTB-E02-199-16.D,28.398,86033,JTB-E02-199-17.D,28.390,225514,JTB-E02-200-06.D,28.390,762483,JTB-E02-200-07.D,28.390,344816,JTB-E02-200-08.D,28.390,363814,JTB-E02-200-11.D,28.398,55746,JTB-E02-200-12.D,28.406,64012,JTB-E02-200-13.D,28.390,131187,JTB-E02-200-14.D,28.390,59157,JTB-E02-200-15.D,28.398,55846,JTB-E02-200-16.D,28.398,85163,JTB-E02-200-17.D,28.398,64123,JTB-E02-201-06.D,28.382,998172,JTB-E02-201-07.D,28.382,371010,JTB-E02-201-08.D,28.398,28472,JTB-E02-201-11.D,28.398,542197,JTB-E02-201-12.D,28.390,77435,JTB-E02-201-13.D,28.406,77060,JTB-E02-201-14.D,28.406,39981,JTB-E02-201-15.D,28.406,71175,JTB-E02-201-16.D,28.390,80891,JTB-E02-201-17.D,28.398,48666
Thymol,JTB-E02-199-06.D,29.243,367,JTB-E02-199-07.D,,,JTB-E02-199-08.D,,,JTB-E02-199-11.D,29.235,16363,JTB-E02-199-12.D,29.243,13327,JTB-E02-199-13.D,29.243,20059,JTB-E02-199-14.D,29.235,15671,JTB-E02-199-15.D,29.235,23506,JTB-E02-199-16.D,29.235,29121,JTB-E02-199-17.D,29.235,23855,JTB-E02-200-06.D,29.235,211,JTB-E02-200-07.D,29.243,348,JTB-E02-200-08.D,29.243,110,JTB-E02-200-11.D,29.227,19911,JTB-E02-200-12.D,29.235,25351,JTB-E02-200-13.D,29.235,18841,JTB-E02-200-14.D,29.227,24115,JTB-E02-200-15.D,29.235,25839,JTB-E02-200-16.D,29.235,28604,JTB-E02-200-17.D,29.226,22172,JTB-E02-201-06.D,29.235,583,JTB-E02-201-07.D,29.226,494,JTB-E02-201-08.D,,,JTB-E02-201-11.D,29.251,27579,JTB-E02-201-12.D,29.235,19714,JTB-E02-201-13.D,29.243,13148,JTB-E02-201-14.D,29.243,21426,JTB-E02-201-15.D,29.227,21945,JTB-E02-201-16.D,29.226,27336,JTB-E02-201-17.D,29.226,26027
Benzyl alcohol,JTB-E02-199-06.D,29.917,7967,JTB-E02-199-07.D,29.917,10627,JTB-E02-199-08.D,29.909,854,JTB-E02-199-11.D,29.917,26714,JTB-E02-199-12.D,29.917,39620,JTB-E02-199-13.D,29.917,35005,JTB-E02-199-14.D,29.917,144906,JTB-E02-199-15.D,29.925,255944,JTB-E02-199-16.D,29.917,210146,JTB-E02-199-17.D,29.917,162496,JTB-E02-200-06.D,29.925,6107,JTB-E02-200-07.D,29.925,11181,JTB-E02-200-08.D,29.917,8659,JTB-E02-200-11.D,29.925,45522,JTB-E02-200-12.D,29.925,49368,JTB-E02-200-13.D,29.917,43707,JTB-E02-200-14.D,29.917,392809,JTB-E02-200-15.D,29.917,435011,JTB-E02-200-16.D,29.917,365994,JTB-E02-200-17.D,29.917,334345,JTB-E02-201-06.D,29.917,11709,JTB-E02-201-07.D,29.925,15654,JTB-E02-201-08.D,29.925,6973,JTB-E02-201-11.D,29.917,61532,JTB-E02-201-12.D,29.925,43390,JTB-E02-201-13.D,29.917,49354,JTB-E02-201-14.D,29.917,488834,JTB-E02-201-15.D,29.917,432304,JTB-E02-201-16.D,29.917,486144,JTB-E02-201-17.D,29.917,406361
"Cyclotetrasiloxane, octamethyl-     1",JTB-E02-199-06.D,30.039,512302,JTB-E02-199-07.D,30.047,232589,JTB-E02-199-08.D,30.088,854,JTB-E02-199-11.D,30.055,27447,JTB-E02-199-12.D,30.055,28213,JTB-E02-199-13.D,30.055,1358,JTB-E02-199-14.D,30.055,6961,JTB-E02-199-15.D,30.055,11098,JTB-E02-199-16.D,30.039,15369,JTB-E02-199-17.D,30.039,70759,JTB-E02-200-06.D,30.047,71520,JTB-E02-200-07.D,30.063,58011,JTB-E02-200-08.D,30.039,36809,JTB-E02-200-11.D,30.047,19210,JTB-E02-200-12.D,30.039,5071,JTB-E02-200-13.D,30.071,42412,JTB-E02-200-14.D,30.055,8306,JTB-E02-200-15.D,30.055,10436,JTB-E02-200-16.D,30.047,38444,JTB-E02-200-17.D,30.055,19336,JTB-E02-201-06.D,30.047,84262,JTB-E02-201-07.D,30.047,69171,JTB-E02-201-08.D,30.047,8449,JTB-E02-201-11.D,30.055,91828,JTB-E02-201-12.D,30.055,9140,JTB-E02-201-13.D,30.063,32902,JTB-E02-201-14.D,30.063,9981,JTB-E02-201-15.D,30.047,7634,JTB-E02-201-16.D,30.047,17484,JTB-E02-201-17.D,30.055,4741
Phenylethyl Alcohol,JTB-E02-199-06.D,30.835,4378,JTB-E02-199-07.D,30.827,3698,JTB-E02-199-08.D,30.835,290,JTB-E02-199-11.D,30.827,17885,JTB-E02-199-12.D,30.827,19691,JTB-E02-199-13.D,30.827,24567,JTB-E02-199-14.D,30.835,37165,JTB-E02-199-15.D,30.827,53377,JTB-E02-199-16.D,30.819,47548,JTB-E02-199-17.D,30.827,49128,JTB-E02-200-06.D,30.827,1859,JTB-E02-200-07.D,30.835,2213,JTB-E02-200-08.D,30.835,2075,JTB-E02-200-11.D,30.835,21338,JTB-E02-200-12.D,30.835,31047,JTB-E02-200-13.D,30.835,29561,JTB-E02-200-14.D,30.827,146511,JTB-E02-200-15.D,30.827,200856,JTB-E02-200-16.D,30.827,164449,JTB-E02-200-17.D,30.827,159041,JTB-E02-201-06.D,30.827,6040,JTB-E02-201-07.D,30.835,8388,JTB-E02-201-08.D,30.827,5229,JTB-E02-201-11.D,30.827,36413,JTB-E02-201-12.D,30.827,35385,JTB-E02-201-13.D,30.835,26544,JTB-E02-201-14.D,30.835,278705,JTB-E02-201-15.D,30.827,330916,JTB-E02-201-16.D,30.827,332150,JTB-E02-201-17.D,30.827,275533
Benzyl nitrile,JTB-E02-199-06.D,31.135,2974,JTB-E02-199-07.D,31.135,4326,JTB-E02-199-08.D,31.111,903,JTB-E02-199-11.D,31.127,86279,JTB-E02-199-12.D,31.127,100288,JTB-E02-199-13.D,31.127,103220,JTB-E02-199-14.D,31.127,91692,JTB-E02-199-15.D,31.127,134777,JTB-E02-199-16.D,31.127,141779,JTB-E02-199-17.D,31.127,125848,JTB-E02-200-06.D,31.135,4943,JTB-E02-200-07.D,31.135,9288,JTB-E02-200-08.D,31.136,7550,JTB-E02-200-11.D,31.127,83409,JTB-E02-200-12.D,31.127,104383,JTB-E02-200-13.D,31.127,94051,JTB-E02-200-14.D,31.127,107626,JTB-E02-200-15.D,31.127,119538,JTB-E02-200-16.D,31.127,94813,JTB-E02-200-17.D,31.119,107674,JTB-E02-201-06.D,31.127,4335,JTB-E02-201-07.D,31.135,8218,JTB-E02-201-08.D,31.127,2011,JTB-E02-201-11.D,31.127,94399,JTB-E02-201-12.D,31.127,77031,JTB-E02-201-13.D,31.127,89985,JTB-E02-201-14.D,31.127,99422,JTB-E02-201-15.D,31.127,97310,JTB-E02-201-16.D,31.127,110454,JTB-E02-201-17.D,31.127,127666
"2,6-Bis(1,1-dimethylethyl)-4-(1-oxopropyl)phenol",JTB-E02-199-06.D,31.233,270255,JTB-E02-199-07.D,31.241,39733,JTB-E02-199-08.D,31.225,8915,JTB-E02-199-11.D,31.241,101384,JTB-E02-199-12.D,31.241,50583,JTB-E02-199-13.D,31.241,66106,JTB-E02-199-14.D,31.241,36490,JTB-E02-199-15.D,31.233,64632,JTB-E02-199-16.D,31.241,71823,JTB-E02-199-17.D,31.233,79148,JTB-E02-200-06.D,31.241,37542,JTB-E02-200-07.D,31.233,59397,JTB-E02-200-08.D,31.249,25476,JTB-E02-200-11.D,31.233,75665,JTB-E02-200-12.D,31.241,62727,JTB-E02-200-13.D,31.241,85154,JTB-E02-200-14.D,31.241,60177,JTB-E02-200-15.D,31.241,54824,JTB-E02-200-16.D,31.233,67769,JTB-E02-200-17.D,31.241,70031,JTB-E02-201-06.D,31.241,41808,JTB-E02-201-07.D,31.233,44332,JTB-E02-201-08.D,31.241,26903,JTB-E02-201-11.D,31.249,72507,JTB-E02-201-12.D,31.241,88590,JTB-E02-201-13.D,31.241,88538,JTB-E02-201-14.D,31.241,55233,JTB-E02-201-15.D,31.233,62756,JTB-E02-201-16.D,31.241,94009,JTB-E02-201-17.D,31.233,51612
"p-Mentha-1(7),8(10)-dien-9-ol",JTB-E02-199-06.D,,,JTB-E02-199-07.D,33.028,115,JTB-E02-199-08.D,33.036,372,JTB-E02-199-11.D,33.028,1082,JTB-E02-199-12.D,33.028,3291,JTB-E02-199-13.D,33.020,2131,JTB-E02-199-14.D,33.020,9165,JTB-E02-199-15.D,33.020,12748,JTB-E02-199-16.D,33.020,11452,JTB-E02-199-17.D,33.004,8497,JTB-E02-200-06.D,32.996,819,JTB-E02-200-07.D,33.044,521,JTB-E02-200-08.D,33.028,1009,JTB-E02-200-11.D,33.028,1679,JTB-E02-200-12.D,33.028,3482,JTB-E02-200-13.D,33.036,2838,JTB-E02-200-14.D,33.028,15197,JTB-E02-200-15.D,33.028,16306,JTB-E02-200-16.D,33.020,16720,JTB-E02-200-17.D,33.028,16686,JTB-E02-201-06.D,,,JTB-E02-201-07.D,33.036,999,JTB-E02-201-08.D,33.004,693,JTB-E02-201-11.D,33.020,2421,JTB-E02-201-12.D,33.036,3426,JTB-E02-201-13.D,33.028,3038,JTB-E02-201-14.D,33.020,14856,JTB-E02-201-15.D,33.028,18459,JTB-E02-201-16.D,33.020,19455,JTB-E02-201-17.D,33.020,15785
Phenol,JTB-E02-199-06.D,33.134,35448,JTB-E02-199-07.D,33.142,46925,JTB-E02-199-08.D,33.150,5943,JTB-E02-199-11.D,33.142,42231,JTB-E02-199-12.D,33.142,49356,JTB-E02-199-13.D,33.142,60057,JTB-E02-199-14.D,33.134,38492,JTB-E02-199-15.D,33.142,51580,JTB-E02-199-16.D,33.134,67845,JTB-E02-199-17.D,33.142,52769,JTB-E02-200-06.D,33.142,20231,JTB-E02-200-07.D,33.142,17830,JTB-E02-200-08.D,33.142,24893,JTB-E02-200-11.D,33.134,48272,JTB-E02-200-12.D,33.142,59135,JTB-E02-200-13.D,33.134,54162,JTB-E02-200-14.D,33.134,52238,JTB-E02-200-15.D,33.142,65365,JTB-E02-200-16.D,33.134,57246,JTB-E02-200-17.D,33.142,47470,JTB-E02-201-06.D,33.134,17819,JTB-E02-201-07.D,33.134,16181,JTB-E02-201-08.D,33.142,11928,JTB-E02-201-11.D,33.142,62049,JTB-E02-201-12.D,33.134,47605,JTB-E02-201-13.D,33.150,50245,JTB-E02-201-14.D,33.142,53394,JTB-E02-201-15.D,33.134,51329,JTB-E02-201-16.D,33.142,55181,JTB-E02-201-17.D,33.134,53058
p-Cresol,JTB-E02-199-06.D,35.002,6320,JTB-E02-199-07.D,34.986,8667,JTB-E02-199-08.D,35.002,149,JTB-E02-199-11.D,34.994,97556,JTB-E02-199-12.D,34.994,127433,JTB-E02-199-13.D,35.002,137012,JTB-E02-199-14.D,35.002,137410,JTB-E02-199-15.D,34.994,177433,JTB-E02-199-16.D,34.994,185060,JTB-E02-199-17.D,34.994,162708,JTB-E02-200-06.D,34.994,7659,JTB-E02-200-07.D,34.994,11051,JTB-E02-200-08.D,35.002,8478,JTB-E02-200-11.D,34.994,150411,JTB-E02-200-12.D,34.994,159821,JTB-E02-200-13.D,34.994,165873,JTB-E02-200-14.D,34.994,171824,JTB-E02-200-15.D,34.994,192231,JTB-E02-200-16.D,34.994,159451,JTB-E02-200-17.D,34.994,173071,JTB-E02-201-06.D,34.994,9769,JTB-E02-201-07.D,34.986,11755,JTB-E02-201-08.D,34.986,2926,JTB-E02-201-11.D,34.994,180513,JTB-E02-201-12.D,34.994,131459,JTB-E02-201-13.D,35.002,149745,JTB-E02-201-14.D,34.994,185380,JTB-E02-201-15.D,34.994,201512,JTB-E02-201-16.D,34.994,191789,JTB-E02-201-17.D,34.994,203238
3-Allyl-6-methoxyphenol,JTB-E02-199-06.D,37.008,385,JTB-E02-199-07.D,,,JTB-E02-199-08.D,37.000,207,JTB-E02-199-11.D,37.000,7204,JTB-E02-199-12.D,36.976,7490,JTB-E02-199-13.D,36.992,7015,JTB-E02-199-14.D,36.992,17632,JTB-E02-199-15.D,36.984,25317,JTB-E02-199-16.D,36.984,22484,JTB-E02-199-17.D,36.992,19656,JTB-E02-200-06.D,36.984,974,JTB-E02-200-07.D,36.976,391,JTB-E02-200-08.D,,,JTB-E02-200-11.D,36.976,5779,JTB-E02-200-12.D,36.992,9572,JTB-E02-200-13.D,36.984,5385,JTB-E02-200-14.D,36.984,46482,JTB-E02-200-15.D,36.992,62028,JTB-E02-200-16.D,36.992,39604,JTB-E02-200-17.D,36.992,37878,JTB-E02-201-06.D,37.009,864,JTB-E02-201-07.D,36.976,1144,JTB-E02-201-08.D,36.992,318,JTB-E02-201-11.D,36.984,9276,JTB-E02-201-12.D,36.984,5480,JTB-E02-201-13.D,36.984,6141,JTB-E02-201-14.D,36.992,73364,JTB-E02-201-15.D,36.992,91660,JTB-E02-201-16.D,36.992,69160,JTB-E02-201-17.D,36.984,55862
n-Hexane,JTB-E02-199-06.D,2.428,168461,JTB-E02-199-07.D,2.428,230095,JTB-E02-199-08.D,2.412,2242,JTB-E02-199-11.D,2.420,15950,JTB-E02-199-12.D,2.396,63114,JTB-E02-199-13.D,2.802,79624,JTB-E02-199-14.D,2.786,113116,JTB-E02-199-15.D,2.794,113602,JTB-E02-199-16.D,2.412,194841,JTB-E02-199-17.D,2.428,197953,JTB-E02-200-06.D,2.420,142749,JTB-E02-200-07.D,2.428,452731,JTB-E02-200-08.D,2.428,173572,JTB-E02-200-11.D,2.428,12613,JTB-E02-200-12.D,2.794,41057,JTB-E02-200-13.D,2.428,40841,JTB-E02-200-14.D,2.428,11252,JTB-E02-200-15.D,2.428,29827,JTB-E02-200-16.D,2.420,48403,JTB-E02-200-17.D,2.428,81269,JTB-E02-201-06.D,2.428,280625,JTB-E02-201-07.D,2.428,353016,JTB-E02-201-08.D,2.428,9035,JTB-E02-201-11.D,2.420,299077,JTB-E02-201-12.D,2.802,14916,JTB-E02-201-13.D,2.428,15224,JTB-E02-201-14.D,2.428,10331,JTB-E02-201-15.D,2.428,8355,JTB-E02-201-16.D,2.420,10816,JTB-E02-201-17.D,2.412,9124
"Cyclotrisiloxane, hexamethyl-    2",JTB-E02-199-06.D,3.357,41707872,JTB-E02-199-07.D,3.351,33256247,JTB-E02-199-08.D,3.314,509432,JTB-E02-199-11.D,3.322,16818658,JTB-E02-199-12.D,2.964,17398174,JTB-E02-199-13.D,3.330,14306074,JTB-E02-199-14.D,3.306,10994679,JTB-E02-199-15.D,3.322,9560727,JTB-E02-199-16.D,3.314,11047096,JTB-E02-199-17.D,3.322,13039883,JTB-E02-200-06.D,3.314,17669115,JTB-E02-200-07.D,3.330,14367785,JTB-E02-200-08.D,3.322,13085594,JTB-E02-200-11.D,3.322,13671179,JTB-E02-200-12.D,3.314,12730427,JTB-E02-200-13.D,3.322,13513071,JTB-E02-200-14.D,3.322,10135222,JTB-E02-200-15.D,3.322,9346699,JTB-E02-200-16.D,3.322,11459213,JTB-E02-200-17.D,3.322,8639134,JTB-E02-201-06.D,3.322,18999606,JTB-E02-201-07.D,3.322,13401186,JTB-E02-201-08.D,3.330,3716791,JTB-E02-201-11.D,3.322,16341657,JTB-E02-201-12.D,3.330,9307810,JTB-E02-201-13.D,3.330,8076002,JTB-E02-201-14.D,3.322,7111544,JTB-E02-201-15.D,3.322,8915660,JTB-E02-201-16.D,3.322,8209896,JTB-E02-201-17.D,3.306,6574561
Acetoin,JTB-E02-199-06.D,12.558,879,JTB-E02-199-07.D,12.761,2342,JTB-E02-199-08.D,13.013,378,JTB-E02-199-11.D,12.582,35441,JTB-E02-199-12.D,12.509,36569,JTB-E02-199-13.D,12.590,37639,JTB-E02-199-14.D,12.582,43465,JTB-E02-199-15.D,12.590,48465,JTB-E02-199-16.D,12.574,55822,JTB-E02-199-17.D,12.590,49182,JTB-E02-200-06.D,12.347,303,JTB-E02-200-07.D,13.037,374,JTB-E02-200-08.D,12.517,377,JTB-E02-200-11.D,12.590,39134,JTB-E02-200-12.D,12.582,40266,JTB-E02-200-13.D,12.590,41034,JTB-E02-200-14.D,12.582,84448,JTB-E02-200-15.D,12.582,109593,JTB-E02-200-16.D,12.590,69810,JTB-E02-200-17.D,12.582,68367,JTB-E02-201-06.D,12.704,233,JTB-E02-201-07.D,12.753,532,JTB-E02-201-08.D,12.371,511,JTB-E02-201-11.D,12.590,40655,JTB-E02-201-12.D,12.598,38446,JTB-E02-201-13.D,12.590,38193,JTB-E02-201-14.D,12.582,104863,JTB-E02-201-15.D,12.582,119522,JTB-E02-201-16.D,12.582,94437,JTB-E02-201-17.D,12.574,82898
"3-Hexen-1-ol, (E)-    1",JTB-E02-199-06.D,14.873,28553,JTB-E02-199-07.D,14.865,9902,JTB-E02-199-08.D,,,JTB-E02-199-11.D,14.849,3685705,JTB-E02-199-12.D,14.816,4261079,JTB-E02-199-13.D,14.857,3961594,JTB-E02-199-14.D,14.857,4623661,JTB-E02-199-15.D,14.849,5787763,JTB-E02-199-16.D,14.849,5505557,JTB-E02-199-17.D,14.849,5033003,JTB-E02-200-06.D,14.873,90484,JTB-E02-200-07.D,15.149,15112,JTB-E02-200-08.D,14.889,88292,JTB-E02-200-11.D,14.857,3604851,JTB-E02-200-12.D,14.857,4103229,JTB-E02-200-13.D,14.857,3775680,JTB-E02-200-14.D,14.849,4271877,JTB-E02-200-15.D,14.848,5174246,JTB-E02-200-16.D,14.849,4545981,JTB-E02-200-17.D,14.848,4694071,JTB-E02-201-06.D,14.857,92767,JTB-E02-201-07.D,14.873,92641,JTB-E02-201-08.D,15.068,5075,JTB-E02-201-11.D,14.857,3230531,JTB-E02-201-12.D,14.865,3409104,JTB-E02-201-13.D,14.857,3351888,JTB-E02-201-14.D,14.849,3996102,JTB-E02-201-15.D,14.849,4479314,JTB-E02-201-16.D,14.848,4991571,JTB-E02-201-17.D,14.849,4349559
