Peak_ID,Library\ID,FF10BB02B01,FF10BB02B02,FF10BB02B03,FF10BB02P01,FF10BB02P02,FF10BB02P03,FF10BB02R01,FF10BB02R02,FF10BB02R03,FF10BB02R04,FF10BB24B01,FF10BB24B02,FF10BB24B03,FF10BB24P01,FF10BB24P02,FF10BB24P03,FF10BB24R01,FF10BB24R02,FF10BB24R03,FF10BB24R04,FF10BB48B01,FF10BB48B02,FF10BB48B03,FF10BB48P01,FF10BB48P02,FF10BB48P03,FF10BB48R01,FF10BB48R02,FF10BB48R03,FF10BB48R04,PA10BB02B01,PA10BB02B02,PA10BB02B03,PA10BB02P01,PA10BB02P02,PA10BB02P03,PA10BB02R01,PA10BB02R02,PA10BB02R03,PA10BB02R04,PA10BB24B01,PA10BB24B02,PA10BB24B03,PA10BB24P01,PA10BB24P02,PA10BB24P03,PA10BB24R01,PA10BB24R02,PA10BB24R03,PA10BB24R04,PA10BB48B01,PA10BB48P01,PA10BB48P02,PA10BB48P03,PA10BB48R01,PA10BB48R02,PA10BB48R03,PA10BB48R04
peak_001,Methanethiol,1978,1068,667,167476,0,320134,112276,179026,397002,228974,458,2608,1471,61078,119351,71520,74178,149215,85839,70616,1330,739,83,37920,24292,40427,51738,59083,51996,51239,0,62,467,534950,394418,375832,602957,495427,393940,484934,2549,1592,2349,113121,141160,144507,167944,130668,138628,197429,1140,56088,67481,44378,48064,45419,50678,61523
peak_002,Carbon dioxide,5302940,5363607,2575301,1892287,0,4548077,1095788,1756727,3196963,2511928,4001800,3336627,4900740,1735458,2295723,1985829,1829345,2466417,2089751,1791919,4184440,3961639,3051267,3533076,1837682,1930663,2081449,1947515,1816489,2034952,1597982,7050084,6016313,3459811,3558787,2323899,3099309,2904503,1936312,2723880,5868871,5006522,3481395,2624880,2013141,2567120,2252919,2219563,1635325,2514750,5252831,1642335,2622436,2495687,1892396,1997313,2151373,1680533
peak_003,Acetaldehyde,24433,14948,17794,523582,1389,581774,245633,193022,282003,201606,22093,14663,33231,968016,1023846,958880,180535,40898,148084,51857,15719,17126,6637,1030323,1032459,994683,174313,32035,106642,80409,3836,79276,36000,607886,691847,618025,153956,157942,180605,152088,10744,27689,10455,1018451,1049180,1105859,738243,760920,648022,946751,30281,1054570,1176962,1175180,833465,1256046,883940,1014386
peak_004,Dimethyl sulfide,308,856,251,1682595,124,2062932,1690275,2691172,2019156,2190417,3293,4765,3554,816112,961351,556433,501599,930731,806868,710917,4150,3834,652,336476,380022,244012,238899,375734,355262,235126,130,320,1990,1901890,2100713,1949533,2008836,1762072,1870992,1605081,3983,0,4091,642370,783952,826847,760117,611257,746137,688725,2547,277813,343762,358628,330424,312974,368025,296748
peak_005,Acetone,92268,105221,1191,5693340,1852,6358567,4790925,6592300,5677543,6422850,20505,48775,26734,8497533,7715847,7910559,7714885,6994941,7297014,7621361,22288,39413,3018,8667775,8565014,8989245,7930285,7660158,9214362,7554658,6349,49187,155039,7040968,7183935,6424290,6895839,6599428,6259018,6699334,46900,55333,51067,8634778,8934716,8880803,7676652,6980168,7507681,7550760,46616,8563162,9057056,9851102,7457542,6529199,8432558,7577073
peak_006,"Acetic acid, methyl ester",0,0,589,1074820,59244,797883,1257198,1492757,1511188,1176010,0,1247,2251,897669,1187097,901129,1118434,1158270,1171401,1206224,5898,0,1206,948851,749606,808683,1031965,1114122,1219627,1368039,0,4578,0,1186085,1257368,1259625,1353324,1325577,1345741,1191060,336,0,777,880850,1229822,1269823,1092357,994292,1076951,1128790,0,1041764,1206289,1102268,781666,1123141,1041279,776432
peak_007,Ethyl acetate,6683,10141,876,18201009,5354657,16632720,19194227,22655064,19178244,21065225,23060,6205,12627,15625528,17170824,14835117,16777552,18740921,17395083,17927884,8614,2537,2450,11815125,11344316,11782458,11874425,14065588,15649411,10207613,2045,4148,10911,19337361,21413573,20376462,20060437,20071086,20470673,18819787,14060,2642,3765,14041075,18073100,17414432,13092797,12321128,16183652,11502695,16241,11847850,13237110,13777259,7787251,6501318,11732555,7073024
peak_008,2-Butanone,23433,69071,0,2510705,4432,1768726,2696591,3089642,3158300,2771034,4972,8057,9944,2582177,2301917,2787504,2968513,3028690,2934122,3244318,5669,4688,416,2666361,2288176,2800167,2879665,2982120,3421762,2986428,2221,11750,31071,2539614,2711709,2829966,2829473,2619471,2663739,2795521,8424,11958,10005,1759718,2352322,2619942,2671571,2643330,2467406,2942844,12785,2379120,2651575,2751722,2785879,2318601,2540008,3001555
peak_009,"Butanal, 2-methyl-",974,292,479,2183354,0,2458840,1566298,1768847,1481829,1692874,0,2262,2731,3754551,3600265,3265738,1233914,43135,1448802,1025258,548,652,296,3565851,3880850,3563254,1151915,105584,1372389,739735,391,575,1556,2607942,2663767,2898937,1549938,1409024,2415791,1551960,433,137,1581,3588601,3832823,4001724,2082422,1729148,3052086,1228868,0,3619723,3946524,3938292,2568415,1895311,2928507,1938833
peak_010,"Butanal, 3-methyl-",5342,2740,1079,7859794,0,8404684,2600090,2848369,2446137,2957384,7752,6367,7285,13286991,13078522,11843235,813434,427038,1447446,1787974,8271,5531,2381,12758112,12976811,12864993,957147,498518,1274087,1127345,0,2263,18200,8561504,8799509,9027724,2167805,1686241,3700466,2228642,0,1774,2626,12295849,12870483,13414066,5129119,3449444,6396234,2871973,10143,12659168,13138489,13807639,7012143,4219714,7399319,4914518
peak_011,Ethanol,23336,27828,1633,17927295,0,12516915,18793497,22597708,19372239,21868818,54139,67036,59874,19968871,20818785,20109736,21764747,22090296,22037736,21540849,51003,43316,4783,18685345,13194824,19708711,20769219,22141884,22168131,15987918,5094,19081,56222,21994832,22191540,20416274,23299559,21790918,21193047,23676899,59101,61470,28494,20548958,22022250,22842930,21521501,20667528,21794043,22506260,62891,19349322,22549801,21378664,20423843,19018822,22264764,20363840
peak_012,"Furan, 2-butyltetrahydro-",116,2632,123,749347,947,779645,866637,1161168,956130,1051559,172,618,122,545425,626851,552347,545995,699319,638728,655116,2079,1136,1200,354166,257286,380073,338075,433877,484177,344370,266,385,2448,838551,963032,954719,953914,937810,991918,882150,392,1274,146,499302,642333,584669,583044,570412,646132,534739,1958,341428,380036,402442,384038,325173,444283,373959
peak_013,"Cyclotetrasiloxane, octamethyl-",8242775,5958003,41334,2879022,20737,2145185,1839097,969317,1810296,1882382,4702060,3815935,1090729,1965965,1760177,3575746,2945600,2452600,3284957,2766094,3346932,2262614,792102,2987027,3312859,3294699,2935320,3387027,3655437,2361540,675228,2013295,8923883,2041441,2680782,2005676,2499685,1810360,1599916,2005490,1497401,650877,1948215,1541994,2636424,3317629,2617332,2673905,2174470,2841210,3394971,2752071,3392609,3064767,3197395,2776168,3020557,2338045
peak_014,"Carbonic acid, dimethyl ester",0,430,500,266684,3270,234972,306160,382875,366460,329342,989,283,1637,104779,290598,104478,298156,331356,283686,292373,0,0,982,204613,180828,200796,240988,269820,295619,263322,1601,0,620,306992,369907,348301,219136,342814,374934,327583,906,162,0,241185,339623,307809,293813,293162,321946,283381,1695,243636,269632,269992,243978,248359,280699,243255
peak_015,"2-Pentene, 2,4-dimethyl-",200,680,328,88357,0,61690,112546,146739,110623,129864,493,170,539,73013,81654,76136,73124,90145,85380,88238,147,219,500,49325,49832,49657,43185,58348,64652,44570,101,667,290,110270,120793,124792,119902,114875,123288,111990,756,1245,92,44393,85092,77407,77529,78001,84542,73177,154,40566,49783,50333,49367,38909,54823,49419
peak_016,Methyl Isobutyl Ketone,2201,1116,549,57668,122456,72262,60309,92141,65504,77895,2115,0,2400,60372,66068,45145,49948,59492,62433,52220,1191,187,387,40581,41335,33034,35865,38968,48916,43894,737,766,2858,78994,78758,85389,77944,78052,89347,70224,3155,481,0,54473,59528,53657,62423,64470,69989,83648,256,35134,42988,42046,48789,56611,49809,42785
peak_017,Methyl isovalerate,1162,59,108,518743,0,627738,652956,884108,633584,733440,162,228,183,263265,306430,260245,235996,322155,269538,287348,0,0,547,111032,130346,119437,86075,127857,139622,109642,169,718,161,547915,654451,655509,605713,574112,623627,546406,531,973,227,221692,268259,248918,241710,229975,276999,215427,807,97405,102088,113632,107410,81161,123592,96364
peak_018,2-Butanol,19018,23585,1392,128084,302,131651,149696,163338,148866,173441,7911,9401,16165,143288,146412,143743,178262,184438,171677,180693,9652,8848,2225,93099,142149,106303,154028,189087,193075,137747,4635,16908,34149,134013,138259,119709,150079,140301,137729,170237,8038,13990,11154,126650,134552,137573,147334,124563,139751,153961,9412,123937,123783,141292,141833,116581,144499,140048
peak_019,Toluene,55086,80284,681,1703434,6907,1174432,1188596,1032287,604133,989876,49780,117001,100276,198517,432279,2171843,632086,405634,735835,1085003,58356,84570,5872,253409,152482,227408,187696,230059,390381,429437,5171,21964,167933,547631,545363,550428,511688,438027,491608,482203,44753,53474,53312,75016,86764,82316,93794,96546,103428,87002,11261,62966,50178,69629,70485,46501,67742,68790
peak_020,"Butanoic acid, 3-methyl-, ethyl ester",271,0,333,387581,517,444051,449861,580906,442687,466458,571,552,148,118993,148090,130724,104773,146574,122970,130488,298,291,593,40976,48821,46971,37973,45176,50228,48312,202,0,0,352888,440329,429827,379745,356670,403144,325941,53,0,661,96197,121188,106005,104909,95427,121903,90915,59,34083,41040,37215,37976,29022,43723,38619
peak_021,"Disulfide, dimethyl",83,2523,0,8569173,0,2069558,10464584,11568039,6010642,9148104,4370,5303,273,1178147,1315462,1427175,1409189,1524261,2034757,2178296,474,286,0,177663,295610,320270,246690,428130,752200,280878,0,0,214,8743623,8447337,10571771,10281625,9015498,12221216,9615137,285,976,260,1318251,1766227,1775515,2138772,1947453,2372170,2435987,1102,265771,268644,227537,382192,260852,379621,575242
peak_022,"Butanenitrile, 2-methyl-",1211,433,205,162765,57715,167534,172435,205970,182054,197397,651,57,95,148801,152827,145291,138886,158796,145322,154800,333,745,0,72844,114735,73205,101614,116395,129321,105532,868,190,785,169346,179513,175718,176603,179064,176071,188955,426,76,446,92489,141374,145036,95780,143335,152523,147127,0,97650,97749,117758,105664,89119,113283,115961
peak_023,"3-Hexen-1-ol, (E)-    1",28553,9902,0,3685705,4261079,3961594,4623661,5787763,5505557,5033003,90484,15112,88292,3604851,4103229,3775680,4271877,5174246,4545981,4694071,92767,92641,5075,3230531,3409104,3351888,3996102,4479314,4991571,4349559,987,8216,100804,3787419,4760118,4689314,4695998,4594622,5222410,4496642,102323,12217,87178,3360523,4360470,3776871,4004930,4023844,4483823,3598742,7737,3237155,3502136,3497517,3467307,3254614,3936569,3238833
peak_024,"2-Butenal, 2-methyl-",645,0,366,150251,855,141582,178669,210070,179889,205789,358,623,216,82865,164369,110270,150513,131894,167390,172310,247,0,0,143010,125402,140403,132126,87762,164484,127858,887,0,270,161164,167926,187203,137264,143588,177875,142262,399,367,0,142482,159320,158188,107067,117487,148046,107241,523,132683,130438,144316,113427,87380,116294,105999
peak_025,"1-Propanol, 2-methyl-",194,0,2274,1437382,1148,1423897,0,2028129,1880524,1912224,230,316,0,1588184,912832,1618540,1827840,1836091,1929089,1854395,455,0,544,1423257,1700523,1565772,1731439,1636682,1895567,1801381,815,830,1959,1410662,1098721,1644239,1946636,1913667,0,2092191,266,269,1327,1344276,1729830,1768877,0,1722122,1984320,1163976,0,835050,1829875,1649081,1799210,1969741,1952174,930277
peak_026,"2H-Pyran, 2-ethenyltetrahydro-2,6,6-trimethyl-",0,0,0,1683256,56912,0,0,2388705,2463076,1910680,0,0,0,430128,555927,553816,433572,539904,366718,545677,160,0,0,173045,240022,241139,183448,172166,224431,191121,462,0,0,1345090,2258582,2343396,1705715,2060169,2321310,1406304,174,0,0,314537,502863,382485,0,345340,443988,370144,0,138633,176365,171929,138866,100226,209258,161987
peak_027,"Butanenitrile, 3-methyl-",236,25,180,42,50,844,595,1830,679,1197,364,272,295,1072,1083,1087,643,204,363,1208,129,57,225,1886,667,1947,253,852,743,242,67,23,67,97,777,219,1216,609,1868,834,229,643,277,777,1369,531,1267,1976,1155,1231,381,1493,194,576,54,876,184,1786
peak_028,"2-Pentene, 4,4-dimethyl-",310,167,0,30102,150,30677,39870,47166,47009,45456,464,936,418,30442,35796,17022,29569,38380,36682,34109,727,161,221,27185,29542,29747,27794,29222,27842,30473,0,324,962,29216,36129,35889,35292,39459,46885,41888,207,1648,1253,15994,26827,27515,33221,34081,35656,28233,42,20331,21948,27343,25213,24890,30752,28421
peak_029,1-Butanol,0,0,0,236073,0,231470,363724,545231,432386,428977,0,1474,0,260855,253447,310900,661869,724102,536918,561466,3237,952,0,256636,296841,302245,794917,907771,777487,663654,0,0,0,294356,304585,304227,681251,639682,529379,627790,974,0,0,313101,313381,334325,0,1364135,1130912,1239175,306,289515,308759,323636,1326179,1269004,1267471,1205772
peak_030,"Cyclopentasiloxane, decamethyl-",1621145,1130343,15506,295769,0,230549,194963,199647,203801,384088,536560,427914,273600,419150,630966,444294,286937,234005,319362,288777,627587,449665,95688,991794,542467,493704,288496,329490,365102,234579,83584,324611,1633124,414117,212254,209730,311818,232129,185983,238050,307758,0,202452,219399,173808,271386,205021,192633,169042,274313,428689,188693,284248,270578,222691,274723,274067,247433
peak_031,"2-Butenoic acid, 3-methyl-, methyl ester",926,769,250,104706,241,43260,134734,170414,166098,168799,137,122,190,52872,46253,70448,54562,78984,71631,70891,280,0,0,27685,29964,30289,27793,34443,35152,33910,519,0,0,106297,141045,156255,130410,146221,160471,119094,801,482,248,51399,62586,59707,60168,58901,73932,52716,186,25469,25835,29416,25749,23189,35749,27700
peak_032,2-Heptanone,1977,3587,616,26848,0,31517,29386,39245,41588,44046,304,1784,1925,14481,14897,20163,33702,64958,42272,51875,0,295,108,12409,7440,10583,40137,59770,47096,51355,216,1784,1670,25023,30614,38955,39391,43326,43716,36131,918,33,1005,11535,14852,14761,8225,15666,25398,17388,260,6194,11055,9101,8238,11893,11511,12605
peak_033,"1-Butanol, 3-methyl-",1456,3507,178,5382474,0,4673163,7531782,9892330,9034880,9183381,3756,4273,7067,5433724,6281174,5145772,11275655,11316347,11112356,10988136,680,6470,740,5217548,5640221,5155465,11847598,11684296,13733921,11787905,297,951,3699,6041390,6675593,6381812,17620635,18145528,14713525,14918674,7991,10102,5628,5801852,6999736,6573503,17105411,16727781,16203567,16100146,5400,5763007,6630113,6359400,16111077,19108227,16455763,15503952
peak_034,"(2R,5S)-2-Methyl-5-(prop-1-en-2-yl)-2-vinyltetrahydrofuran",258,302,525,1075541,0,1368654,1407237,1619083,1488385,1324457,209,478,94,251512,312984,288702,224687,290073,243596,271473,796,145,399,51773,116387,76247,88192,90212,114290,95421,157,989,633,969702,1293381,1410885,1113424,1259072,1457746,1056753,92,1121,901,172225,269126,193671,240724,216396,264140,202760,64,67615,79319,78419,70087,52286,99731,86530
peak_035,Thiazole,884,667,0,84415,0,108703,98058,115228,117867,116693,2303,1114,452,110446,113385,121240,103262,127136,115748,113508,693,1092,140,110008,111447,122033,105728,104751,129102,98816,295,279,429,100815,108746,107322,119583,113711,103467,124758,1301,555,1289,129701,119639,110818,145199,122602,119266,118403,990,100903,96399,104306,120240,101131,100253,112242
peak_036,1-Pentanol,446,482,84,36424,0,40665,36483,51152,53178,49283,0,787,1234,38525,36703,47832,45134,55828,51684,50518,247,628,121,38066,40169,41754,36918,53968,53472,48912,414,0,473,40561,47978,51916,52353,51116,51546,45887,567,558,0,44728,47251,42078,51375,48420,56844,47501,840,41115,40648,42849,43038,42158,50235,43485
peak_037,3-Aminopyridine,717,734,0,33740,0,52839,44015,54122,53160,53670,1789,139,775,53656,55562,63010,43159,52590,47555,49665,249,1090,344,47738,51043,57787,45698,48628,52200,52482,0,434,0,45282,55375,55526,56817,56087,54867,52776,268,325,482,56929,53429,48373,40750,52431,51014,47115,477,53577,45404,54218,52516,46945,51952,48253
peak_038,"Benzene, 1-ethyl-2,3-dimethyl-",0,491,0,39,0,0,196,487,129,0,0,390,308,172,294,136,86,174,77,138,350,0,301,0,0,245,374,603,89,0,0,0,122,0,153,384,334,430,387,76,0,0,0,178,66,0,0,882,54,53,474,399,1450,490,0,146,191,757
peak_039,"Pyrazine, 2,6-dimethyl-",0,8979,207,119061,0,149445,158945,174586,167079,190031,328,509,2731,164123,178326,178767,156841,142903,157468,139868,1112,1796,162,167552,171554,162464,115047,137821,157003,136676,0,644,901,151869,169041,184740,166451,166180,189173,198834,1280,2334,406,190338,191978,166440,224699,176377,176585,171773,2504,174584,147508,165898,166924,153371,166305,176232
peak_040,1-Hexanol,7762,1860,139,2600120,0,3212968,3594079,4063653,3721689,3611004,23590,32079,25047,2897110,3304499,3077319,2941442,3587186,3163837,3152157,15091,27204,1004,2658348,2822207,2702299,2772364,2838610,3529628,2758426,462,1185,24177,2630517,3024981,3266344,2828725,2773427,3564284,2901029,18002,0,0,2738594,2764965,2473816,2927318,2713247,2828289,2189742,23632,2162242,2180477,2207278,2249186,2088859,2443165,1970660
peak_041,"3-Hexen-1-ol, (E)-",865,352,339,90032,0,127001,153485,171792,182387,158410,241,1569,130,123696,141450,128130,196046,232278,186478,174749,366,1564,1645,115551,130863,126817,282746,306730,300687,229362,468,0,2114,108968,134668,149192,142881,133742,166005,137117,1399,928,2155,118476,126833,106514,126940,113752,146046,115144,766,112229,110468,105355,115913,101336,123569,103328
peak_042,2-Nonanone,0,782,29,5331,0,11533,9215,15790,13000,14681,545,547,785,563,1929,2095,19167,28794,27086,30826,302,1254,205,366,220,233,15156,21355,21888,25966,920,297,0,11264,10019,9295,7895,8437,10454,10030,580,226,103,1014,992,872,1240,968,1711,1986,1253,136,1017,404,1237,1440,657,951
peak_043,"Pyrazine, 2-ethyl-6-methyl-",643,718,0,20441,0,27101,20290,35593,21689,37132,377,781,949,23410,23441,32102,20226,28565,26751,27471,2055,2307,32,21177,25481,23399,18920,18980,27691,25419,453,502,265,31579,17408,36871,24946,29453,34650,26874,703,537,1265,22326,24438,28791,23399,19578,21117,23960,147,26922,22601,14800,22466,23018,24766,25306
peak_044,"Pyrazine, 2,5-dimethyl-3-(3-methylbutyl)-",247,224,0,38960,0,67600,56173,71738,66890,69004,1353,225,256,56854,67789,44477,50915,61267,29008,61020,513,1067,146,56734,64122,64200,55136,53203,59904,56620,174,129,0,47739,65790,60111,58012,58101,64858,63733,301,3042,0,55626,54953,43595,63999,69503,57878,49624,124,53407,47186,51167,55205,46438,54237,54391
peak_045,"2-Hexen-1-ol, (E)-",0,0,0,458535,543044,589732,685241,752711,754980,704166,2321,0,3540,551750,663974,610997,583747,725316,630389,628396,3067,3169,209,553234,557865,551559,571580,579953,718142,556016,734,0,4410,478216,560318,593731,517529,495115,568651,514152,1612,1851,4903,528855,595325,494123,470498,445713,538036,325881,342,496715,450589,500528,397051,337056,446245,285487
peak_046,Ethyl 2-(5-methyl-5-vinyltetrahydrofuran-2-yl)propan-2-yl carbonate,337,192,516,124298,126316,146684,184796,138923,229219,221748,204,1106,576,142104,158576,147459,271277,194403,258004,251137,240,227,986,136263,140819,135380,372093,419065,419591,307009,0,92,147,86000,185507,172779,191822,178850,200829,182902,1063,820,663,131624,173197,148177,169632,170226,100080,151580,535,136968,138964,147833,146033,145054,166198,139373
peak_047,"Pyrazine, 2-ethyl-3,5-dimethyl-",0,0,0,158942,157268,0,169628,228549,229331,220275,55,0,0,0,161291,0,166632,193243,179995,190632,0,0,232,0,0,0,150108,166709,193137,188644,0,0,0,190900,219786,233085,230073,236546,229276,225640,0,1104,0,158079,201424,179567,200934,215351,197363,181822,0,173390,163719,173499,184414,163032,180386,168312
peak_048,1-Octen-3-ol,1976,0,121,23113,11446,32908,34770,43079,49739,42964,0,265,1237,15870,16632,19640,22589,31296,26201,29850,984,152,123,14358,17517,13513,17350,19082,25342,19071,1049,283,745,19177,39098,42142,33426,35417,40465,32578,141,1190,826,17215,21874,12845,16995,22113,23127,20115,0,14512,17683,18001,9017,13680,17274,14387
peak_049,Furfural,12534,16421,557,1411725,1280151,1647070,1469787,1685341,1744778,1624465,0,57114,42958,1876654,2311001,2092587,651210,307909,1028592,1174442,42257,46144,3061,2387678,2157354,2141248,484464,237362,833174,890536,2337,3144,8064,1278321,1763376,1763637,71061,66146,77106,40444,4608,19988,2517,1925823,2245889,1836135,191509,52270,125053,126721,5471,1874940,2035392,2174230,346864,239220,176329,203063
peak_050,Ethyl 2-(5-methyl-5-vinyltetrahydrofuran-2-yl)propan-2-yl carbonate1,0,341,555,30942,10253,46776,54295,64951,60479,52973,716,370,391,37669,39656,42555,79608,88541,63420,73951,1210,665,293,33918,45915,41554,94506,108982,115564,84065,487,398,458,37104,37645,46945,31278,42713,53245,45328,128,309,697,38341,46590,41248,38201,37578,44117,35084,275,29962,40162,34057,44532,28739,39641,31524
peak_051,2-Ethyl-1-hexanol,7898,8778,732,28962,37073,46887,39323,51854,52536,45402,4268,2665,4471,30984,39686,34349,35887,46469,41519,41319,3542,328,0,45074,26469,26744,39339,41110,45102,37306,1078,25756,28976,41765,36306,35714,46274,35678,40494,43351,10307,16521,7589,47427,28485,32279,42245,31970,28189,39760,13345,27714,24311,30530,36921,26372,214976,69337
peak_052,"Ethanone, 1-(2-furanyl)-",787,868,328,50060,66350,48266,77026,100303,98908,90113,360,1573,0,76992,61197,97161,83876,99528,84678,84365,5473,3273,672,88744,85455,78246,86551,78221,88664,82288,0,0,1006,60714,76146,71875,66931,69924,84576,68775,869,1474,1941,79875,94140,71233,77712,76963,79974,75547,2452,73255,70644,76987,80524,69928,82397,78928
peak_053,2-Mercapto-4-phenylthiazole,2074848,749565,1363,362428,475142,684489,221732,212243,501944,440444,217852,185606,291425,284589,315862,392404,255461,288389,322063,277646,210552,172207,38486,570484,271670,243061,207103,268208,255356,216955,208589,526052,1487489,1037214,545514,312070,589790,414551,270708,425777,270201,201888,113000,300688,204882,415046,284889,283049,154167,395721,329704,158626,286785,240906,199305,274804,224448,162581
peak_054,Benzaldehyde,246246,234392,2258,18752198,20165301,24229413,19640527,17232287,17737976,17250611,1054197,0,0,23386625,24107861,24222892,6676090,3463072,9415697,10955988,0,0,0,22377730,21032568,21960307,4123724,2025821,6034004,6516111,9356,43671,923083,16889780,16412392,15415253,1102406,1244495,1693829,586880,260160,0,0,20090524,17706120,15540272,2073107,816301,942537,1218811,513718,15978579,13906019,15307358,1893702,1359015,1933047,1110758
peak_055,p-Trimethylsilyloxyphenyl-(trimethylsilyloxy)trimethylsilylacrylate,994636,790175,4406,292482,262779,438565,210664,204085,310090,389270,293066,348839,283757,330390,309936,369881,256133,241174,315865,283516,324674,325400,53056,699380,322949,307458,263672,279149,340597,257638,83440,262817,1431472,548618,327487,232692,388423,287970,203925,312775,249610,202592,158491,366207,314831,390643,310983,296359,202243,310041,294262,266539,380427,319455,276025,333022,296391,185157
peak_056,Linalool,0,407,229,106317,150315,134828,164407,173253,162510,127907,1965,2266,1034,70816,71253,58401,53564,86263,66314,75719,146,334,296,39086,47569,37572,44114,54400,58461,55832,0,440,1475,130661,152223,150274,129268,148165,169814,123848,798,660,710,53382,63545,60002,66084,66841,80715,49196,1573,36468,38297,41362,39058,32940,46115,40122
peak_057,1-Octanol,747,1668,531,31002,30594,39715,59485,80718,67823,60911,2676,1869,1101,16461,17671,20170,30298,48435,33508,34926,726,3942,1957,12968,11737,9206,23941,31566,34648,26022,251,426,1145,30787,40466,41914,42515,40388,47246,30706,944,1658,216,12028,9284,12861,14162,15788,17474,13649,0,6781,8592,7656,11341,8174,11360,8571
peak_058,"Phosphonoacetic Acid, 3TMS derivative",112566,88468,1668,23061,25605,25526,14514,18339,23202,31011,23507,29255,28280,19354,19588,24197,15094,19738,20494,19292,35371,27647,5689,34336,23386,24592,14653,17226,19211,18322,10371,31809,135523,64464,29607,16801,29336,23930,14641,25263,28018,23486,16559,16869,11977,23714,19500,14484,10366,14975,39337,9080,21863,20363,13412,18879,16240,10076
peak_059,Benzonitrile,5738,7033,374,109665,114756,160842,162237,158979,161511,143189,11865,0,13186,117152,146954,132257,85202,107594,104745,120662,12387,17983,0,109717,94361,101483,82519,72438,83374,77925,280,675,12876,113903,147739,149159,202455,212232,254271,181866,21238,0,24532,107814,109483,83124,174550,181992,192252,128390,16018,68579,61209,71552,126457,113407,157483,110486
peak_060,Terpinen-4-ol,0,0,0,22211,26000,29249,31784,29964,34837,30909,305,343,445,21025,21255,7832,13833,21755,16090,20613,596,368,893,12636,11162,11399,15148,14116,16703,16447,122,90,761,22962,32841,27876,29495,26485,27702,27298,118,538,313,18139,17737,13835,18752,20593,19828,14971,787,12314,10227,12854,14394,11381,15191,12383
peak_061,"Butanoic acid, 4-hydroxy-",10342,42110,4952,69768,44044,67313,48876,51518,69628,30194,26621,17443,38994,50630,34623,66787,46172,62677,59501,52134,24003,1263,19124,77797,59257,46888,59125,56213,36907,33380,1588,91668,60459,128953,92413,58677,104055,89521,61657,90626,52751,79146,25779,90020,87172,91124,79738,66207,59006,78829,55686,54800,84159,36431,55915,70269,73685,50489
peak_062,Acetophenone,32617,40610,1727,487517,485061,626841,617693,653188,703645,568794,46000,71488,1580,536872,597779,574731,486916,552875,488697,516743,49339,69059,32843,514866,452886,501749,430470,400069,502118,463427,3747,13179,90324,513468,610220,612144,618146,675525,733311,557648,57970,55538,77811,505076,511876,452174,557782,680596,692959,532131,62314,401562,363086,417271,558845,491434,549156,522880
peak_063,"Silanediol, dimethyl-",13664837,10971008,238859,8565820,5804987,11689180,4137148,4518670,6305563,9124374,8528649,8468240,8447614,5610061,4425594,8553932,4934292,4657126,6315221,5056819,8964616,8220064,3948763,9391850,5865136,6512021,3942655,5027821,5037060,3861392,4230787,9993211,8756157,6421787,6633009,5698580,5948002,4960737,3718273,5520686,6710889,7868369,6387764,6378487,2974080,5607928,5940262,5905798,2822340,4943217,7221085,2757684,4384986,4371746,3873701,4225026,3742470,3111226
peak_064,3-Furanmethanol,720,330,0,10513,13611,13802,29781,58574,50726,29934,1705,1400,822,11648,16041,14832,90442,100132,89022,69804,2373,1595,1218,15733,12572,11097,127344,103936,108862,106073,280,815,1042,13675,15753,18673,121614,114437,138565,118015,1426,1367,2247,14758,15093,12166,134361,153273,151908,119573,1974,16840,14087,18114,138569,141287,176671,144912
peak_065,"3,4-Dihydroxyphenylglycol, 4TMS derivative",145867,95783,4402,48602,36940,16282,23841,31543,17949,59006,39225,33096,20843,30361,16302,52278,27660,15649,42554,24741,37798,34950,16628,27344,36940,34235,14818,31677,28066,14694,3218,16567,71567,52811,17519,20850,26439,15320,20683,23971,16398,18504,15670,16085,12571,22402,15087,17701,15076,23860,27067,13222,22211,13799,15501,19814,14132,10982
peak_066,"Benzaldehyde, 3-hydroxy-",0,0,0,183853,172372,204184,161362,178174,194653,185015,0,0,0,132233,166122,186532,65158,53354,74781,77477,0,0,0,123242,118758,130395,34991,19928,45690,51615,0,442,0,124108,143282,85267,13977,2524,16426,9667,2816,0,0,65853,75257,70420,12549,7002,6336,8592,935,69297,28523,60201,5198,3933,10946,6766
peak_067,"3-(3-Oxo-2-prop-2-ynyl-cyclopentyl)-propionic acid, methyl ester",404,549,0,224339,300794,285936,333492,370793,363577,303354,2934,940,3949,296946,334681,273487,252197,318446,279912,306774,2056,502,294,284401,286516,230842,252434,287475,337994,228812,276,0,4216,251279,325474,317399,331528,328409,346224,336920,2790,623,988,263549,318898,246006,331679,310730,318581,256435,3418,256709,261667,277471,271158,232844,337412,236700
peak_068,Terpineol,2825,2234,0,517294,724171,677692,812562,967146,859852,801364,16026,22008,21732,600332,650111,599564,603958,743852,700255,678649,12099,16961,4150,513413,478981,488455,520680,674453,691739,632216,0,213,23623,673245,857805,813208,830628,769337,867427,779527,10576,14468,21811,492782,666588,579601,641960,652708,674902,558963,15539,484268,482923,551945,495348,460270,607912,497929
peak_069,"Bicyclo[2.2.1]heptan-2-ol, 1,7,7-trimethyl-, (1S-endo)-",487,1457,0,56104,69804,75102,400947,459746,419275,377447,290,0,174,55504,58648,60830,603165,749974,567898,557826,641,70,61,47299,51846,45362,634675,780629,776249,643780,200,1047,1441,76303,93565,85551,88821,87531,88394,85883,1217,400,0,49509,60957,63981,67882,60285,66632,61245,274,56615,52826,49810,50487,49807,36382,46939
peak_070,"1, 1, 5-Trimethyl-1, 2-dihydronaphthalene",4623,978,0,555320,648684,916474,695110,1091039,868150,715079,30571,75903,49119,33638,72276,44939,47162,76760,81113,88525,10217,8580,4294,34073,30031,26387,28089,21080,35144,24192,0,0,7388,480967,832426,919900,392777,477433,586631,335783,24532,34815,42729,38490,41559,35299,46452,62639,67836,82453,9591,18075,20227,15256,21231,19626,19814,23456
peak_071,"Oxime-, methoxy-phenyl-_",7141,21007,0,3058,1176,2310,1139,124,808,1877,4074,1405,2004,0,809,2615,609,496,718,1611,4228,2417,180,5122,553,1431,84,876,1079,212,2648,4355,34517,3174,2121,744,1502,885,1033,723,3150,831,1277,377,556,0,1159,1991,360,1951,2537,448,1501,251,1156,984,295,316
peak_072,Methyl salicylate,6106,3699,186,46368,44271,56124,65294,94852,85794,86549,6818,10497,5096,14676,28751,33058,55759,80717,60371,35497,4339,5843,4590,23000,16288,26418,49534,58703,55324,49474,431,1561,5973,49523,52323,55197,42890,45845,63194,48812,5877,2947,9199,15797,20876,20283,17721,24732,23718,21290,4607,11220,13472,12113,12598,7914,14836,10983
peak_073,(-)-Myrtenol,412,668,145,2791,1241,1879,18649,25030,22494,19653,451,845,685,1835,1021,1717,34893,42691,25389,29920,414,126,619,2631,1455,1730,38400,44212,47122,38106,248,95,701,2540,1660,442,3089,2726,3852,1702,0,388,60,1245,1677,3796,1598,2648,1991,3007,654,1359,1902,989,1777,1400,1938,941
peak_074,"Cyclotrisiloxane, hexamethyl-    1",0,2835087,250,57903,157071,188400,48335,38794,86033,225514,762483,344816,363814,55746,64012,131187,59157,55846,85163,64123,998172,371010,28472,542197,77435,77060,39981,71175,80891,48666,132414,438550,0,514923,102487,47410,85661,77952,53083,63979,440457,253177,168382,71269,43888,74486,50340,105833,34227,99258,697330,41928,74240,69791,67209,82456,35105,60242
peak_075,Benzyl alcohol,7967,10627,854,26714,39620,35005,144906,255944,210146,162496,6107,11181,8659,45522,49368,43707,392809,435011,365994,334345,11709,15654,6973,61532,43390,49354,488834,432304,486144,406361,1118,3481,20271,35212,39212,54764,428086,430655,483375,390900,12573,11075,15999,35215,42790,45608,540962,605681,526166,447609,15495,58307,51950,48124,553424,484914,561382,549223
peak_076,"Cyclotetrasiloxane, octamethyl-     1",512302,232589,854,27447,28213,1358,6961,11098,15369,70759,71520,58011,36809,19210,5071,42412,8306,10436,38444,19336,84262,69171,8449,91828,9140,32902,9981,7634,17484,4741,7895,38477,471803,39812,11619,14825,17162,30078,13191,12724,43120,58841,22719,29686,13274,38085,19587,25815,12340,10986,63009,3162,14258,7999,21955,9661,24963,20278
peak_077,Phenylethyl Alcohol,4378,3698,290,17885,19691,24567,37165,53377,47548,49128,1859,2213,2075,21338,31047,29561,146511,200856,164449,159041,6040,8388,5229,36413,35385,26544,278705,330916,332150,275533,443,988,17858,22126,24394,39046,58321,76721,68800,58486,2427,3315,6893,24249,34447,26464,93854,153596,102159,73286,5691,41457,30030,26992,104274,160615,135407,117228
peak_078,Benzyl nitrile,2974,4326,903,86279,100288,103220,91692,134777,141779,125848,4943,9288,7550,83409,104383,94051,107626,119538,94813,107674,4335,8218,2011,94399,77031,89985,99422,97310,110454,127666,95,499,11215,114501,138743,148042,135482,151679,147553,135420,7570,5870,9664,84931,121625,104210,117509,127967,122077,105181,6511,116223,93192,98329,110705,97157,111782,105599
peak_079,"2,6-Bis(1,1-dimethylethyl)-4-(1-oxopropyl)phenol",270255,39733,8915,101384,50583,66106,36490,64632,71823,79148,37542,59397,25476,75665,62727,85154,60177,54824,67769,70031,41808,44332,26903,72507,88590,88538,55233,62756,94009,51612,0,26278,112102,74746,55120,95981,57530,50752,86155,50166,18773,16814,28589,39958,34744,39242,38352,66382,57381,41601,18436,69968,41685,33614,61964,33771,50794,66510
peak_080,"p-Mentha-1(7),8(10)-dien-9-ol",139,341,493,2322,2546,2265,6931,12605,6826,12197,49,1106,0,4044,3187,2803,16296,15505,16537,16112,1006,589,1028,3363,2986,3237,19313,18643,22045,18413,0,186,444,1045,3324,3264,1739,3668,4070,2300,157,302,1372,2578,1702,3507,2610,459,2618,2055,637,1871,2745,1027,2059,2682,2777,2559
peak_081,Phenol,35448,46925,5943,42231,49356,60057,38492,51580,67845,52769,20231,17830,24893,48272,59135,54162,52238,65365,57246,47470,17819,16181,11928,62049,47605,50245,53394,51329,55181,53058,312,28386,47718,52656,59032,62920,67084,64594,91147,59194,21205,22377,20803,52662,48610,53105,68137,68792,97112,58330,23840,46945,50508,46042,68528,70988,104972,51031
peak_082,p-Cresol,6320,8667,149,97556,127433,137012,137410,177433,185060,162708,7659,11051,8478,150411,159821,165873,171824,192231,159451,173071,9769,11755,2926,180513,131459,149745,185380,201512,191789,203238,0,1036,16017,181034,206478,254734,220108,224176,246114,209704,12761,11219,14083,208222,234093,193143,240460,241728,247093,206108,13296,256278,202540,221849,248126,213834,228426,245930
peak_083,3-Allyl-6-methoxyphenol,385,0,207,7204,7490,7015,17632,25317,22484,19656,974,391,0,5779,9572,5385,46482,62028,39604,37878,864,1144,318,9276,5480,6141,73364,91660,69160,55862,0,0,224,4082,9990,11055,11246,8202,10416,9251,0,764,781,10080,10898,5813,9406,10422,10854,657,92,8290,8012,7519,6154,4148,10930,9097
peak_084,"Sulfurous acid, cyclohexylmethyl nonyl ester",1101,2738,681,274930,343533,357552,364603,464912,411363,399164,764,161,0,206104,234554,200979,190768,252916,218355,225900,477,2878,632,114733,141110,126655,108590,138163,153725,134952,0,402,6248,324348,372917,373216,378682,358633,395884,327291,1340,0,928,187986,221842,216862,209339,196813,224746,203331,1641,114765,139051,129903,130489,118692,145246,121498
peak_085,"4-(4-Chlorophenyl)-2,6-diphenylpyridine",958685,675676,28651,308450,286837,165618,166170,220917,163924,375016,345103,306309,189967,213643,148068,314186,214913,155504,285692,219261,390535,302394,133956,262264,242800,238674,155637,262254,232100,144241,50572,189852,741868,398406,172922,192688,255575,164934,168663,210099,207179,185082,168020,157058,119710,210439,165954,177842,126970,217380,284394,120540,195762,149025,152182,201566,154425,135917
peak_086,"4-Trimethylsilyl-9,9-dimethyl-9-silafluorene",452787,290832,10893,137347,138095,173657,83856,94379,136045,167102,135503,131160,137789,102004,110473,149937,100686,96619,121301,108741,154860,124488,19294,221612,112702,110906,93729,110210,107776,93275,53664,168189,470979,298686,152444,114607,182739,128839,91761,145235,124692,105182,71585,131137,92375,148489,61001,109472,60030,136334,222617,76895,125459,99399,83691,114737,87253,70261
peak_087,"3-Cyclohexene-1-ethanol, .beta.,4-dimethyl-",1759,1264,926,3749,4567,5756,4526,9255,12547,6046,590,1054,0,6496,6159,6768,11682,15773,13059,11167,2388,1316,898,7544,4184,5322,13526,18263,16267,12231,649,193,0,438,484,389,5432,6542,6668,798,1045,1410,1667,4994,7006,5582,6919,7448,7419,5895,2235,7425,6027,5861,7269,4807,6072,7563
peak_088,"3-Cyclohexene-1-ethanol, .beta.,4-dimethyl-      1",46375,57138,8408,3409,4336,5768,4777,5431,7449,6900,23578,21503,29628,6493,6248,6639,6665,5989,5080,7373,21736,20034,14830,7027,5842,5602,6315,7377,8622,7452,6746,35831,60839,4511,5328,6613,6063,6573,8072,5321,26084,27535,25111,4896,6923,5064,6807,7287,7313,5360,36461,8050,5375,6012,7106,4467,6464,7243
