Peak_ID,Library/ID,PA10BB02R04,FF10BB02R01,FF10BB02R02,FF10BB02R03,FF10BB02R04,FF10BB24R01,FF10BB24R02,FF10BB24R03,FF10BB24R04,FF10BB48R01,FF10BB48R02,FF10BB48R03,FF10BB48R04,PA10BB02R01,PA10BB02R02,PA10BB02R03,PA10BB48R01,PA10BB48R02,PA10BB48R03,PA10BB24R01,PA10BB24R02,PA10BB24R03,PA10BB24R04
Peak_003,Carbon dioxide,23193431,18117639.00,21329562.00,39315000.00,31239924.00,23529929.00,31864660.00,26355071.00,22282942.00,25700224.00,29040235.00,24033439.00,29860604.00,40583078.00,41387215.00,25638220.00,28352111.00,30524848.00,22612111.00,29715440,29322365.00,23920061.00,36157252.00
Peak_009,Methanethiol,6381315,4035352.00,4227579.00,13029530.00,8937949.00,2851197.00,6512006.00,4074338.00,3698398.00,1148166.00,3622726.00,2764329.00,2152340.00,17440568.00,14386228.00,11198196.00,2735451.00,2590274.00,3453806.00,5124679,4693244.00,4423784.00,6385033.00
Peak_010,Acetaldehyde,11633028,10828695.00,6201100.00,19997631.00,14257794.00,6314260.00,8101076.00,9515588.00,4873976.00,3918147.00,5699092.00,7484822.00,2807617.00,16549933.00,18191337.00,15822699.00,30445873.00,20911012.00,26122389.00,22292374,23289037.00,18994790.00,28710214.00
Peak_012,Dimethyl sulfide,102970945,81972604.00,95839013.00,90963097.00,86679922.00,19972150.00,42555404.00,39487059.00,24819592.00,8718838.00,19145747.00,18578090.00,11889691.00,86779365.00,71570320.00,73799066.00,16512022.00,14153392.00,15089785.00,31907493,28971179.00,31560572.00,31290615.00
Peak_015,Octane,0,6282588.00,4556179.00,6535171.00,6402219.00,1236920.00,4429054.00,6045157.00,4383601.00,0.00,2557216.00,2738997.00,1525417.00,5097110.00,0.00,3680165.00,0.00,0.00,0.00,0,0.00,0.00,0.00
Peak_016,Propanol,0,0.00,0.00,0.00,0.00,0.00,0.00,0.00,0.00,0.00,0.00,0.00,0,0.00,0.00,0.00,0.00,0.00,0.00,0,0.00,0.00,0.00
Peak_017,Acetone,137430111,124980575.00,133489838.00,135287521.00,132944069.00,146113604.00,130214203.00,151926962.00,147867437.00,148019888.00,137211508.00,174600726.00,146732169.00,143024945.00,131011734.00,141681055.00,168015213.00,178893427.00,151543488.00,156921437,140590779.00,160912144.00,152717805.00
Peak_018,"Acetic acid, methyl ester",74209495,67058470.00,71088050.00,70832283.00,69176258.00,54814539.00,64694004.00,63603540.00,62062279.00,49580874.00,56785178.00,62818798.00,53154798.00,75341612.00,66729175.00,66115821.00,53924987.00,51890155.00,43585160.00,55452349,51623272.00,56986938.00,60473546.00
Peak_019,"Cyclotrisiloxane, hexamethyl-",202286337,269039364.00,196686907.00,266296786.00,302523666.00,213302561.00,211994036.00,250606945.00,182686535.00,166472205.00,217639194.00,191234765.00,137768855.00,314520417.00,208834744.00,178955701.00,203653347.00,145372278.00,116924478.00,188234324,216703841.00,158431558.00,253605559.00
Peak_022,Butanal,0,0.00,0.00,0.00,0.00,0.00,17890981.00,24183816.00,16259911.00,0.00,0.00,0.00,0.00,0.00,0.00,0.00,0.00,0.00,0.00,0,0.00,132671247.00,0.00
Peak_024,Ethyl acetate,665608524,554090099.00,660355650.00,591390967.00,585417964.00,408971503.00,490118718.00,451211646.00,460133389.00,287330595.00,349317190.00,392235360.00,334380611.00,547473582.00,524435070.00,549404724.00,192392176.00,284949499.00,173154709.00,328792132,307348977.00,0.00,305661967.00
Peak_026,2-Butanone,203137083,189761380.00,199809899.00,192092665.00,192195705.00,143691165.00,166894564.00,170278618.00,171148941.00,125136918.00,143559085.00,165883622.00,139714273.00,184447172.00,171294921.00,162704975.00,111581738.00,119035288.00,99546708.00,135136108,125617108.00,0.00,139968002.00
Peak_029,"Butanal, 2-methyl-",118954559,112221230.00,116743581.00,108744789.00,113158708.00,76255150.00,0.00,96482758.00,78608213.00,68490035.00,17331290.00,88606977.00,63726017.00,113662802.00,97789625.00,130390405.00,97838501.00,121503161.00,81872914.00,105625369,88135610.00,127030694.00,80531211.00
Peak_030,"Butanal, 3-methyl-",224262796,243482927.00,220444616.00,226095820.00,233345001.00,75334421.00,71912546.00,140446537.00,146236022.00,90862004.00,72797757.00,118030949.00,114598407.00,210631627.00,153240525.00,297397186.00,353081683.00,468097723.00,318235475.00,331514135,234550821.00,426381462.00,216331554.00
Peak_033,Ethanol,500667231,445475779.00,496717501.00,478481753.00,485862884.00,458960029.00,516824444.00,545487667.00,496806925.00,473065329.00,556639416.00,552316469.00,470799663.00,546650584.00,476240419.00,475773900.00,567589909.00,515343906.00,457401335.00,523209242,483248641.00,524814335.00,595315773.00
Peak_034,2-(bromomethyl)tetrahydro-Pyran,0,77209303.00,71188376.00,71111991.00,68913937.00,0.00,0.00,0.00,0.00,0.00,0.00,0.00,0.00,98221607.00,51913298.00,59597948.00,0.00,0.00,0.00,0,0.00,0.00,0.00
Peak_036,"Furan, 2-butyltetrahydro",57164675,52369687.00,53215593.00,52019799.00,55681396.00,11036218.00,35855010.00,44229496.00,29362024.00,20977040.00,32990604.00,31911961.00,22533762.00,57797038.00,44377862.00,43019400.00,22232103.00,13714228.00,22586679.00,33155210,26019536.00,34682304.00,38316765.00
Peak_038,"2,3-Butanedione",0,36282954.00,35627048.00,15614480.00,15583015.00,38645772.00,49967054.00,49033006.00,38273754.00,46487365.00,49878339.00,51936494.00,45993022.00,49341878.00,38261516.00,54672219.00,72350602.00,94069175.00,120270902.00,75029778,73885757.00,118817646.00,127302964.00
Peak_040,"Cyclotetrasiloxane, octamethyl-",51306242,55947419.00,49122791.00,55558248.00,88729526.00,69318904.00,67293475.00,89588178.00,68910209.00,76201802.00,92456776.00,95965967.00,73679033.00,74988551.00,53945126.00,48022859.00,87660202.00,78599517.00,69755077.00,74928539,75550837.00,67874423.00,90532808.00
Peak_041,dimethyl ester carbonic acid,43178023,36278903.00,40588239.00,41643524.00,47438271.00,25234562.00,37643474.00,43296398.00,30857459.00,28291345.00,38264623.00,38345325.00,30591534.00,48431494.00,35781859.00,34873378.00,37207269.00,24853320.00,31237478.00,39157673,37462326.00,35911258.00,46058831.00
Peak_042,Mesityl oxide,20042005,16458891.00,18863892.00,18334972.00,20775019.00,9751370.00,40490812.00,16740729.00,31004040.00,10592765.00,39596227.00,14582195.00,29489019.00,22162904.00,18298633.00,15368942.00,13591186.00,7503776.00,12426231.00,15943491,15239935.00,15806679.00,20431916.00
Peak_043,"Sulfurous acid, cyclohexylmethyl nonyl ester",32735871,29424968.00,30315702.00,31442671.00,33862074.00,12128889.00,0.00,32371782.00,0.00,0.00,0.00,23698462.00,0.00,35163448.00,27137298.00,24524216.00,0.00,8177427.00,18240615.00,24416636,20714518.00,23022136.00,29524504.00
Peak_045,Methyl Isobutyl Ketone,12186812,11042798.00,10897593.00,11940140.00,14148479.00,4524886.00,11204806.00,14401003.00,7120165.00,6883476.00,10545510.00,18524986.00,7174789.00,15403004.00,11307286.00,9211655.00,18047178.00,1353542.00,8247688.00,11060393,10465921.00,10257490.00,13790983.00
Peak_046,"Butanoic acid, 2-methyl-, methyl ester",16046359,13208039.00,14662199.00,13200146.00,15258707.00,0.00,8403084.00,11100752.00,5352568.00,0.00,0.00,0.00,0.00,14106313.00,9580267.00,8234184.00,0.00,0.00,0.00,0,0.00,7340312.00,0.00
Peak_047,Isobutyl acetate,14445466,11338483.00,12926730.00,11896692.00,13299903.00,0.00,8515494.00,0.00,0.00,0.00,0.00,0.00,0.00,12254919.00,8319610.00,7816592.00,0.00,0.00,0.00,0,0.00,0.00,0.00
Peak_048,Methyl isovalerate,50216606,0.00,0.00,0.00,0.00,11215722.00,21838846.00,24453748.00,12403983.00,10081404.00,16411876.00,11322481.00,8559320.00,44877199.00,40976222.00,31119019.00,14652043.00,5381084.00,12467600.00,22097578,20919632.00,25258863.00,25926354.00
Peak_049,Trichloromethane,0,40864956.00,47145115.00,43361261.00,47131053.00,0.00,0.00,0.00,0.00,0.00,0.00,0.00,0.00,0.00,0.00,0.00,0.00,0.00,0.00,0,0.00,0.00,0.00
Peak_051,2-Butanol,20048620,19224389.00,17490504.00,20989637.00,20914943.00,6172304.00,17205101.00,17310441.00,6132121.00,11106831.00,16321968.00,17395229.00,11690473.00,27266387.00,17253393.00,11257485.00,18502154.00,4846364.00,10616347.00,15662190,13056795.00,14413281.00,20273000.00
Peak_054,Toluene,46636567,50974232.00,43765795.00,38619704.00,43151839.00,21641661.00,25719895.00,38060092.00,32775478.00,14603578.00,0.00,0.00,25671676.00,34821948.00,24463435.00,23026651.00,14625994.00,8662579.00,13500694.00,14207782,15320184.00,16541810.00,19040677.00
Peak_056,2-Pentanol,0,23129936.00,25566966.00,25398195.00,23674056.00,12176002.00,20764540.00,21957839.00,13280796.00,11592961.00,17745250.00,17060137.00,14716788.00,26934733.00,25214357.00,18888326.00,15812771.00,10523452.00,13815649.00,20681891,21284422.00,22645965.00,23062373.00
Peak_057,"Butanoic acid, 2-methyl-, ethyl ester",13024660,12171654.00,11753436.00,11630716.00,10500598.00,0.00,6061760.00,7572242.00,3317058.00,0,0.00,0.00,0.00,12268302.00,10788929.00,5481534.00,4125949.00,2755396.00,3432829.00,5546587,4704150.00,4577817.00,6573694.00
Peak_059,"1-(2-trimethylsiloxy-1,1-dideuteriovinyl)-4-trimethylsiloxy-benzene",0,0,0,0,0.00,0.00,0.00,0.00,0.00,0.00,0.00,0.00,0.00,0.00,0.00,0.00,2097947.00,1299422.00,1793273.00,4217848,4027531.00,0.00,0.00
Peak_062,"Butanoic acid, 3-methyl-, ethyl ester",38770769,29083968.00,36933481.00,36062713.00,32267823.00,10668548.00,18393228.00,18543630.00,11005023.00,9847499.00,21058870.00,12234444.00,12180174.00,31079274.00,28867410.00,21578677.00,7963599.00,10387433.00,16777122.00,12165500,18525996.00,13609798.00,12326957.00
Peak_063,"Disulfide, dimethyl",346032453,310812328.00,341523365.00,193780906.00,273727921.00,46724653.00,55713645.00,81055479.00,68236012.00,15255331.00,30815004.00,41994802.00,21203457.00,315571265.00,266923641.00,337506060.00,22063117.00,18292704.00,24930368.00,75125248,70118272.00,77157862.00,85574079.00
Peak_065,N-Hexanal,0,0.00,0.00,0.00,0.00,0.00,0.00,0.00,0.00,0.00,0.00,0.00,0.00,0.00,0.00,0.00,0.00,2092479.00,3384027.00,10956614,11223342.00,0.00,0.00
Peak_067,"Ethenamine, N-methylene-",9865038,23481902.00,8931595.00,8414170.00,8477339.00,2352920.00,4860055.00,6065122.00,2637966.00,2558194.00,5302216.00,4222811.00,3825345.00,8478963.00,8978147.00,8492715.00,4546766.00,2505364.00,3988966.00,23059244,10345491.00,6093588.00,6805080.00
Peak_068,1H-Pyrrole-2-carboxylic acid,22102276,0,20699735.00,14628060.00,16553984.00,0.00,0.00,0.00,0.00,0.00,0.00,0.00,0.00,20095333.00,13064614.00,9973966.00,0.00,0.00,0.00,0,0.00,4217798.00,5282770.00
Peak_070,"2-Butenal, 2-methyl-",0,0.00,11206918.00,7740647.00,9718839.00,3148514.00,5725262.00,8384902.00,4245661.00,2477874.00,4784404.00,5285453.00,4530998.00,9448379.00,6675570.00,0.00,3035998.00,2684968.00,2659353.00,7124144,6349283.00,5307438.00,5307354.00
Peak_071,"1-Propanol, 2-methyl-",84582590,76504880.00,81775390.00,67384858.00,71416548.00,61156523.00,68568909.00,68983206.00,60460930.00,55937565.00,69117771.00,71128288.00,59667812.00,87772301.00,67433187.00,69580519.00,65637739.00,63807841.00,57355998.00,0,66791745.00,67286849.00,70076677.00
Peak_075,"2H-Pyran, 2-ethenyltetrahydro-2,6,6-trimethyl-",232951912,170654459.00,230782302.00,194984935.00,188055512.00,32113458.00,47716928.00,42602181.00,39776913.00,12944430.00,20755593.00,20721026.00,19090427.00,170776963.00,154766971.00,162229657.00,10777487.00,16019700.00,12746402.00,0,33392263.00,40144047.00,36953852.00
Peak_078,"3-Butenoic acid, 3-methyl-, methyl ester",0,0.00,7118051.00,12144854.00,6067540.00,0.00,2464138.00,2577270.00,0.00,0.00,0.00,0.00,0,6293274.00,8850172.00,3854863.00,0.00,1054299.00,0.00,2369395,2359638.00,3539850.00,3521585.00
Peak_079,"1-Butanol, 3-methyl-, acetate",9878621,7459679.00,9231577.00,8893885.00,7545716.00,0.00,1998878.00,0.00,0.00,0.00,0.00,0.00,0,17860351.00,4646756.00,3842066.00,2588665.00,1754558.00,2174017.00,4077391,4307537.00,3031518.00,3916879.00
Peak_080,"Butanenitrile, 3-methyl-",18342960,16954363.00,16834838.00,16298562.00,14685303.00,7933689.00,10015275.00,10152881.00,8750635.00,6738955.00,10454058.00,8888787.00,8147697.00,0.00,15109414.00,13140166.00,8091909.00,8195148.00,7950322.00,11979963,12335938.00,12796234.00,14521367.00
Peak_081,"2-Pentene, 4,4-dimethyl-, (E)-",5511181,5121058.00,4641269.00,5112543.00,3391757.00,0.00,1515033.00,2750816.00,1547964.00,0.00,0.00,0.00,0.00,8113874.00,3934960.00,2537924.00,898745.00,1589503.00,1144779.00,2591150,3236076.00,3966267.00,4239282.00
Peak_082,"1,3-dimethyl-Benzene",3642838,0.00,2962390.00,2877090.00,1156351.00,0.00,0.00,0.00,0.00,0.00,0.00,0.00,0.00,2836017.00,1776285.00,1679634.00,0.00,0.00,0.00,0,42474504.00,38324710.00,43900451.00
Peak_085,1-Butanol,20368534,12601978.00,19523590.00,17497988.00,15779424.00,22088914.00,22900422.00,17693734.00,18812270.00,26720490.00,30077369.00,26129252.00,21906036.00,26495385.00,23726079.00,19697253.00,43776259.00,42230653.00,41066372.00,43279654,0.00,0.00,0.00
Peak_087,"Cyclopentasiloxane, decamethyl-",12749812,11830788.00,12237506.00,16621097.00,21134454.00,19040522.00,14972826.00,22516860.00,19504965.00,15720843.00,19469526.00,24253968.00,15172499.00,27171478.00,17162178.00,12665003.00,21336271.00,18526377.00,15900625.00,0,14954733.00,12582272.00,22917003.00
Peak_092,"2-Butenoic acid, 3-methyl-, methyl ester",10215887,4581909.00,9782926.00,9567721.00,10291310.00,5113229.00,4625869.00,6351943.00,5365827.00,0.00,0.00,5681975.00,0.00,10315494.00,8672955.00,8034475.00,4177885.00,3627545.00,3421588.00,8155741,6730371.00,5757684.00,8211382.00
Peak_095,"7-Oxabicyclo[2.2.1]heptane, 1-methyl-4-(1-methylethyl)-",17690641,9574703.00,17406955.00,14638935.00,15885696.00,4290765.00,4645852.00,4608882.00,4915846.00,0.00,0.00,0.00,0.00,14029161.00,11921710.00,11993518.00,2558432.00,3101115.00,2665558.00,4654439,4516110.00,4405711.00,7250153.00
Peak_096,p-Xylene,6729954,4679502.00,6564074.00,6324015.00,7600684.00,3569340.00,4448341.00,3873039.00,4230379.00,2310022.00,4593773.00,4206556.00,2555273.00,7513369.00,5644743.00,5601780.00,0,1556317.00,0.00,0,2686001.00,2317883.00,2848148.00
Peak_098,D-Limonene,15573410,10016181.00,16770974.00,12805732.00,13824417.00,3436951.00,4093202.00,4293257.00,4419428.00,2879080.00,2448333.00,3467609.00,2561457.00,8657186.00,6641299.00,7376941.00,0.00,0.00,0.00,2090583,0.00,0.00,0.00
Peak_102,"1-Butanol, 3-methyl-",735947423,679561312.00,738858218.00,696702793.00,669060720.00,645701121.00,677838678.00,667616431.00,651208536.00,668986486.00,661058907.00,774290875.00,666893342.00,1122500235.00,1140501077.00,1035252317.00,0.00,0.00,0.00,0,0.00,0.00,0.00
Peak_104,"(2R,5R)-2-Methyl-5-(prop-1-en-2-yl)-2-vinyltetrahydrofuran",0,0,43204122.00,43403898.00,37101356.00,0.00,0,0.00,0.00,0.00,0.00,0.00,0.00,52784414.00,45220634.00,0.00,0.00,0.00,0.00,983556442,1092057329.00,933922570.00,938521986.00
Peak_108,"2-Butenoic acid, 3-methyl-, ethyl ester",0,6181512.00,0,0,0,0.00,0.00,0.00,0.00,0.00,0.00,0.00,0.00,6843851.00,6498389.00,6308800.00,0.00,0.00,0.00,0,5325288.00,0.00,0.00
Peak_110,"Bicyclo[3.1.0]hexan-2-ol, 2-methyl-5-(1-methylethyl)-, (1.alpha.,2.alpha.,5.alpha.)-",0,4611075.00,4365247.00,5225638.00,3480606.00,0.00,0.00,0.00,0.00,0.00,0.00,0.00,0.00,4982487.00,3312393.00,6409201.00,0.00,0.00,0.00,0,0.00,0.00,0.00
Peak_113,"(2R,5S)-2-Methyl-5-(prop-1-en-2-yl)-2-vinyltetrahydrofuran",172853876,131602752.00,172451686.00,146680514.00,139442787.00,21621926.00,29412650.00,25251128.00,27612999.00,8111839.00,11089013.00,12093848.00,11148666.00,121857056.00,120957659.00,138598864.00,0.00,0.00,0.00,21932312,19204196.00,0.00,0.00
Peak_115,Thiazole,14083007,9839429.00,13594320.00,14914225.00,13605049.00,0.00,0.00,0.00,0.00,0.00,0.00,0.00,0.00,16252283.00,13203494.00,14405493.00,0.00,0.00,0.00,0,1943781.00,27156616.00,22812345.00
Peak_117,1-PENTANOL,6639428,4286962.00,6205538.00,7897775.00,6254030.00,5369066.00,4899487.00,3320178.00,3332283.00,3486193.00,5837055.00,6144185.00,5881300.00,7547573.00,6541367.00,7963276.00,0,0.00,0.00,2054389,1981581.00,5725379.00,5202767.00
Peak_120,"Pyrazine, methyl-",0,0.00,0.00,0.00,0.00,0.00,0.00,0.00,0.00,0.00,0.00,0.00,0.00,2188163.00,1178719.00,1877418.00,0.00,0.00,0.00,0,0.00,0.00,0.00
Peak_122,"Benzene, 1,2,4,5-tetramethyl-",78872364,69498654.00,77140196.00,78741217.00,60376940.00,3729583.00,6642101.00,5763471.00,5489598.00,0.00,0.00,0.00,0.00,41380908.00,45085141.00,57868874.00,0.00,0.00,0.00,3783206,2786199.00,4866450.00,6374069.00
Peak_123,"Benzene, 1-methyl-3-(1-methylethyl)-",26259540,0.00,22438205.00,0.00,10636474.00,0.00,0.00,0.00,0.00,0.00,0.00,0.00,0.00,9091623.00,0.00,0,0.00,0.00,0.00,0,0.00,0.00,0.00
Peak_127,"Propanoic acid, 2,2-dichloro-3-methoxy-, methyl ester",0,4026098.00,5116617.00,4381217.00,0,2469013.00,2621975.00,2060201.00,2582266.00,2247995.00,3549568.00,2852492.00,2793174.00,11151185.00,9832140.00,10189397.00,0.00,0.00,0.00,1128490,1713354.00,0.00,0.00
Peak_132,Dimethyl sulfone,0,25762418.00,31221264.00,30530555.00,28827869.00,0.00,0.00,0.00,17128927.00,0.00,0.00,0.00,0.00,26846380.00,27100663.00,28714791.00,5339514.00,4821376.00,11213291.00,14707844,15153686.00,0.00,13491677.00
Peak_133,"Pyrazine, 2,6-dimethyl-",6581836,6057245.00,6581836.00,6674212.00,6888854.00,5673949.00,4860917.00,5823443.00,4684184.00,4233908.00,3126962.00,4118402.00,6289475.00,6533937.00,7304624.00,7089588.00,5709162.00,7836617.00,0.00,0,0.00,0.00,0.00
Peak_134,Mesitylene,2373055,0.00,2373055.00,1801295.00,0,0.00,0.00,0.00,0.00,0.00,0.00,0.00,0.00,1586655.00,0.00,0.00,5302472.00,6273150.00,5381871.00,6401397,6853932.00,6745327.00,5343578.00
Peak_135,2-Chloro-4-(4-methoxyphenyl)-6-(4-nitrophenyl)pyrimidine,11865742,10194666.00,11865742.00,9520066.00,17943723.00,9144747.00,4552952.00,12942355.00,8635292.00,4091397.00,6393792.00,6061967.00,7085063.00,13049545.00,11783451.00,12237454.00,0.00,0.00,0.00,0,0.00,0.00,0.00
Peak_137,1-Hexanol,205899590,167032235.00,204436063.00,195866305.00,181303588.00,154180790.00,183526423.00,160985356.00,167989425.00,142273247.00,161089569.00,178089589.00,154230828.00,168798548.00,165556520.00,185277677.00,0.00,4086679.00,0.00,8493220,0.00,8239171.00,10583875.00
Peak_140,Mesitylene,0,0.00,0.00,0.00,0.00,0,0.00,0.00,0,0.00,0.00,0.00,0.00,0.00,0.00,0.00,0.00,1536429.00,0.00,141081836,143246135.00,159427060.00,131136676.00
Peak_141,Dimethyl trisulfide,0,31936236.00,42924785.00,26597918.00,32346295.00,4837239.00,4521175.00,0.00,0.00,0.00,0.00,0.00,3373236.00,23775436.00,24456462.00,28855856.00,0.00,0.00,0.00,0,3820761.00,3311582.00,3546335.00
Peak_142,Dimethyl trisulfide,44737933,0.00,0.00,0.00,0.00,0.00,0.00,6006545.00,8345476.00,0.00,0.00,3960930.00,0.00,0.00,0.00,0.00,874002.00,0.00,723404.00,0,0.00,0.00,0.00
Peak_143,"3-Hexen-1-ol, (E)-",14415104,10562365.00,13778999.00,14434657.00,12410827.00,13470107.00,16681954.00,11795631.00,12272940.00,16667137.00,20030898.00,19332811.00,15257810.00,12843736.00,12055336.00,11965381.00,2608833.00,3798067.00,2974213.00,3290617,0.00,0.00,0.00
Peak_149,"Pyrazine, 2-butyl-3,5-dimethyl-",2410883,0.00,2223465.00,2114734.00,2559689.00,0.00,0.00,1054562.00,1666954.00,0.00,0.00,1311415.00,845082.00,2378934.00,2451528.00,2393115.00,8163487.00,9836329.00,8177390.00,9144392,10845617.00,10984845.00,9434230.00
Peak_150,"2-Hexen-1-ol, (E)-",35917465,25080553.00,35619800.00,35492140.00,31857116.00,25324053.00,30723166.00,26713164.00,31775684.00,26709349.00,27024908.00,29945841.00,26574946.00,26877771.00,26870958.00,30172782.00,0.00,0.00,0.00,0,1427133.00,2978804.00,3669837.00
Peak_151,2-Methyl-3-isopropylpyrazine,0,0.00,4329027.00,0.00,0.00,0.00,0.00,0.00,0.00,0.00,0.00,0.00,0.00,3614212.00,3231497.00,3750746.00,0.00,0.00,0.00,2375841,2078358.00,0.00,0.00
Peak_152,"Benzene, 1,5-dimethyl-2,4-bis(1-methylethyl)-",10741507,6523981.00,10730525.00,8383875.00,10104119.00,0.00,0.00,3318720.00,3255296.00,0.00,0.00,0.00,0.00,0.00,0.00,0.00,2956591.00,3618902.00,1989240.00,0,0.00,0.00,0.00
Peak_153,"Benzene, 4-ethenyl-1,2-dimethyl-",1940380,0.00,0.00,0.00,0,0.00,0.00,0.00,0.00,0.00,0.00,0.00,0.00,1117660.00,1176303.00,1218761.00,0.00,0.00,0.00,0,0.00,0.00,0.00
Peak_155,Ethyl 2-(5-methyl-5-vinyltetrahydrofuran-2-yl)propan-2-yl carbonate,25871045,30169563.00,25847546.00,24088159.00,22456759.00,35466628.00,44381650.00,32819205.00,35118414.00,43261231.00,51662707.00,49876892.00,39996976.00,19911174.00,18749107.00,20615031.00,0.00,0.00,0.00,0,0.00,0.00,0.00
Peak_156,"Pyrazine, 2,6-diethyl-",11958882,0.00,11925532.00,11766126.00,11258846.00,0.00,0.00,0.00,0.00,0.00,0.00,0.00,0.00,12440934.00,11387342.00,12326048.00,1251754.00,1930738.00,1630382.00,1349885,2179566.00,1855975.00,1933362.00
Peak_157,Methional,0,3305866.00,4852215.00,3673587.00,0,0.00,0.00,0.00,0.00,0.00,0.00,0.00,0.00,3371679.00,3220313.00,3599575.00,17774426.00,25230903.00,15186328.00,21496552,22854685.00,26893636.00,17472821.00
Peak_158,1-Octen-3-ol,4906633,0.00,0.00,0.00,0,0.00,2400352.00,0.00,2576903.00,0.00,0.00,0.00,0.00,0,0,0,1545524.00,2268367.00,1397663.00,2005218,3270769.00,2171554.00,2087586.00
Peak_160,"Cyclopentane, 1,2,3-trimethyl-",0,0.00,0.00,0.00,0,0.00,0.00,0.00,0.00,0.00,0.00,0.00,0.00,0.00,0.00,0.00,0.00,0.00,0.00,0,0.00,0.00,0.00
Peak_161,Furfural,65687856,50481705.00,65561346.00,65176235.00,59824961.00,26281733.00,16136044.00,38555794.00,44014550.00,19720252.00,12627282.00,33126363.00,34121813.00,7904331.00,7342984.00,9377075.00,0.00,0.00,0.00,0,0.00,0.00,0.00
Peak_163,"3,6-dihydro-4-methyl-2-(2-methyl-1-propenyl)-2H-Pyran",0,0,0,0,0,0.00,0.00,0.00,0.00,0.00,0.00,0.00,0.00,0.00,0.00,0.00,8583887.00,0.00,8360006.00,8107607,10069740.00,8908260.00,9413893.00
Peak_164,Ethyl 2-(5-methyl-5-vinyltetrahydrofuran-2-yl)propan-2-yl carbonate,14081900,8989917.00,13978567.00,10825311.00,9703011.00,9559867.00,13007566.00,8220707.00,9031510.00,14410346.00,16638535.00,15215574.00,10479358.00,8994651.00,8595404.00,9962636.00,0.00,0.00,0.00,0,0.00,0.00,0.00
Peak_165,"Pyrazine, 2,5-dimethyl-3-propyl-",3343542,0.00,0.00,0.00,0.00,0.00,0.00,0.00,0.00,0.00,0.00,0.00,0.00,2696463.00,2159595.00,2313991.00,0.00,2885081.00,0.00,0,0.00,0.00,0.00
Peak_168,"Benzene, 1,2,4,5-tetramethyl-",1863134,0.00,0.00,0.00,0.00,3060088.00,0.00,0,0.00,9131121.00,4912129.00,5436285.00,0.00,750644.00,0.00,941033.00,12855377.00,14922312.00,0.00,0,5489865.00,5661012.00,6813584.00
Peak_173,"1-Hexanol, 2-ethyl-",3170591,1884913.00,3093380.00,3105434.00,2952681.00,8808886.00,16188257.00,12788844.00,13579711.00,14152461.00,19971041.00,20604295.00,9663448.00,11717551.00,2425056.00,1848351.00,10031706.00,8706642.00,0,0,0.00,0.00,7998492.00
Peak_175,"2,4,6-Trimethyl-1,3-phenylenediamine",1394493,0.00,0,0.00,0.00,0.00,6644726.00,6868244.00,7157949.00,0.00,0.00,0.00,6063281.00,9120453.00,6011277.00,5828013.00,7015925.00,5133495.00,7005578.00,13012382,7507509.00,0.00,8014944.00
Peak_177,1-(2-furanyl)-Ethanone,12155774,5560939.00,12008876.00,13068987.00,13490425.00,0.00,12864987.00,10744613.00,9913530.00,0,11177184.00,9902001.00,9402220.00,11536603.00,10408195.00,9744311.00,0.00,0.00,3235783.00,5342960,0.00,13248373.00,4654141.00
Peak_180,2-Mercapto-4-phenylthiazole,22992681,20576279.00,22863592.00,33239013.00,33770778.00,20992834.00,26353018.00,27835400.00,24836028.00,23600984.00,23796913.00,26632640.00,19877293.00,37783990.00,27478693.00,21708003.00,0.00,0.00,0.00,24423118,0.00,4158566.00,0.00
Peak_181,Dill ether,7406888,6838481.00,7356140.00,8248016.00,8529537.00,0.00,0.00,0.00,0.00,0.00,0.00,0.00,0.00,9627344.00,8889116.00,8355118.00,13801677.00,37324233.00,38284135.00,0,9359154.00,9386468.00,12416332.00
Peak_182,Benzaldehyde,1227020471,1057112464.00,1226741592.00,1251239996.00,1196882551.00,476157741.00,276269511.00,667864917.00,783102508.00,301923721.00,182891223.00,445198477.00,475025915.00,115672892.00,126449714.00,165047949.00,0.00,0.00,0.00,0,0.00,0.00,0.00
Peak_183,"1,3-Cyclohexadiene, 1-methyl-4-(1-methylethyl)-",0,0.00,0.00,0.00,0.00,0,0,0,0,0.00,0.00,0.00,0.00,0.00,0.00,0.00,5301181.00,0.00,0.00,0,8087701.00,7514350.00,10228859.00
Peak_184,2-(1-methyl-2-buthenyl)-4-methoxy-Phenol,141180281,104654681.00,141066952.00,118663465.00,108838030.00,13535950.00,15214153.00,16247876.00,19968616.00,12379090.00,10314478.00,15241159.00,10782810.00,82156938.00,81620781.00,99226897.00,8868612.00,8896527.00,7801092.00,8045430,8185488.00,7328778.00,9785160.00
Peak_185,"11H-Dibenzo[b,e][1,4]diazepin-11-one, 5-(3-aminopropyl)-5,10-dihydro-",0,84831305.00,111927514.00,99926886.00,97399987.00,20005161.00,24170720.00,28962898.00,28103704.00,21215309.00,20106492.00,29799259.00,17395628.00,82905407.00,68331221.00,80862420.00,10740107.00,12394491.00,11380520.00,11869176,8696026.00,9940633.00,11108146.00
Peak_186,"Phenol, 2-(1-methyl-2-buthenyl)-4-methoxy-",0,0.00,0.00,0.00,12664738.00,6612898.00,6514631.00,6258300.00,0.00,0.00,3272348.00,0.00,0.00,10768313.00,6840270.00,6533767.00,0.00,0.00,0.00,11357017,0.00,0.00,0.00
Peak_187,Linalool,22549883,17272527.00,23012088.00,20079723.00,20109599.00,0.00,10998154.00,10752319.00,11543773.00,7544027.00,6543717.00,12185709.00,5907696.00,18908734.00,17092172.00,18655773.00,11631156.00,11727456.00,10983043.00,0,9748360.00,9229772.00,12759581.00
Peak_188,"1,5,5-Trimethyl-6-methylene-cyclohexene",9434035,6500384.00,9175690.00,6669270.00,6573051.00,0.00,0.00,0.00,0.00,0.00,0.00,0.00,0.00,4845599.00,3708868.00,4285313.00,26885903.00,22852948.00,18368646.00,24884189,22416861.00,15399823.00,30388412.00
Peak_189,1-Octanol,13444823,8001456.00,13393431.00,9329811.00,11603266.00,4542873.00,6049128.00,4607130.00,4503047.00,3969337.00,5081998.00,9471586.00,3445665.00,8595845.00,5800890.00,5502595.00,0.00,4591777.00,0.00,5437313,4717861.00,4435651.00,4726385.00
Peak_190,"2-Furancarboxaldehyde, 5-methyl-",0,0.00,0.00,0.00,0.00,0.00,0.00,0.00,0.00,0.00,0.00,0.00,0.00,0.00,0.00,0.00,128138973.00,178497830.00,106534307.00,198124427,83788407.00,87464343.00,122183938.00
Peak_191,"2-Furancarboxaldehyde, 5-methyl-",4676116,0.00,4176570.00,0.00,5392637.00,0.00,0.00,0.00,0.00,0.00,0.00,0.00,0.00,6391310.00,0.00,0.00,0.00,0.00,0.00,0,0.00,0.00,0.00
Peak_192,Dimethyl Sulfoxide,0,2684455.00,0.00,4803825.00,0.00,0.00,0.00,0.00,0.00,0.00,0.00,0.00,0.00,0.00,2369357.00,2193054.00,8962194.00,13008162.00,9122714.00,16231676,9117029.00,9162162.00,12563619.00
Peak_193,"Phosphonoacetic Acid, 3TMS derivative",5832715,0.00,5519793.00,3454773.00,7801939.00,3330798.00,3692785.00,3812606.00,3392745.00,0.00,3260794.00,4702097.00,0.00,6989233.00,3598693.00,3324305.00,24459292.00,25967700.00,16488357.00,29898547,21271482.00,16040569.00,25709544.00
Peak_194,"Butethal, 2TMS derivative",3224962,0.00,0.00,2733612.00,3947021.00,0.00,2288735.00,0.00,0.00,0.00,0,0,0.00,4508144.00,3258623.00,2892986.00,5922420.00,6517771.00,4837446.00,7131534,4288766.00,1621703.00,7914230.00
Peak_196,Benzonitrile,5317369,4871216.00,5129619.00,5980802.00,5714799.00,2146956.00,4491225.00,4337085.00,3818866.00,2577727.00,2082527.00,2123689.00,3253567.00,7296765.00,7220265.00,9304403.00,0.00,0.00,0.00,0,0.00,0.00,0.00
Peak_197,Terpinen-4-ol,5888809,4531606.00,5740736.00,5408244.00,5107624.00,1587499.00,3480821.00,3255562.00,2928301.00,4828533.00,3322413.00,3457602.00,2551841.00,4838027.00,5300500.00,5959097.00,1488694.00,4729013.00,2289368.00,4610204,2624049.00,2764290.00,6104775.00
Peak_199,"Cyclohexanone, 2-methyl-5-(1-methylethenyl)-, trans-",4074832,3194013.00,3824697.00,3834485.00,3754995.00,592290.00,6289832.00,4270861.00,0.00,6516735.00,1900797.00,1920450.00,0.00,1819608.00,3185695.00,3451937.00,0.00,0.00,0.00,0,0.00,0.00,0.00
Peak_200,Peak_200,0,0.00,0.00,0.00,0.00,0.00,0.00,0.00,0.00,0.00,0.00,0.00,0.00,2351420.00,0.00,0.00,0.00,0.00,0.00,2745625,0.00,0.00,3089445.00
Peak_201,"3-Cyclohexene-1-acetaldehyde, .alpha.,4-dimethyl-",6811221,4945023.00,6267751.00,8174540.00,7391884.00,2583834.00,7481225.00,6816233.00,4977856.00,6297491.00,1619553.00,2721187.00,5669099.00,5782770.00,4458006.00,4929710.00,2266414.00,4185298.00,1662155.00,4103814,2571478.00,2855292.00,5179768.00
Peak_202,"1H-Pyrrole-2-carboxaldehyde, 5-methyl-",5811082,4451700.00,5105473.00,6418148.00,6901527.00,0.00,3757367.00,4790179.00,3067792.00,0.00,0.00,0.00,3377361.00,0.00,1935173.00,2734488.00,1643709.00,2661757.00,781667.00,2068850,2347896.00,1111902.00,2561861.00
Peak_203,Butyrolactone,0,0.00,0.00,0.00,0.00,0.00,0.00,0.00,0.00,0.00,0.00,0.00,0.00,0.00,0,0.00,0.00,0.00,0.00,0,0.00,0.00,0.00
Peak_204,"1-Cyclohexene-1-carboxaldehyde, 2,6,6-trimethyl-",11747080,9167551.00,9106397.00,13266909.00,12283255.00,0.00,0.00,0.00,0.00,0.00,0.00,0.00,0,0.00,0.00,11615696.00,6058012.00,8684903.00,4664733.00,7122983.00,6046696.00,7093340.00,4419712.00
Peak_205,Butyrolactone,0,0.00,0.00,0.00,0.00,4700968.00,7844892.00,8859231.00,4205867.00,5100141.00,0.00,0.00,7201481.00,15321195.00,14327743.00,0.00,5231752.00,6114364.00,5135348.00,5806893,4855018.00,6399434.00,5435078.00
Peak_211,"1,4-Benzenediol, 2,5-dimethyl-",4625788,2528915.00,4461940.00,6770995.00,4590310.00,8798946.00,10668273.00,10121442.00,12498445.00,10531630.00,7896116.00,8803982.00,11767055.00,10230680.00,10812656.00,14177349.00,0.00,2278635.00,0.00,0,0.00,3373140.00,0.00
Peak_212,Benzeneacetaldehyde,0,0.00,0.00,0.00,0.00,3075056.00,0,0,0.00,0.00,2895180.00,4543188.00,0.00,1299923.00,0.00,0.00,0.00,0.00,0.00,0,0.00,0.00,0.00
Peak_214,"1,3-Cyclohexadiene-1-carboxaldehyde, 2,6,6-trimethyl-",12223504,8773240.00,12481955.00,13293227.00,13366104.00,0.00,0.00,0.00,0.00,4625847.00,0.00,0.00,0.00,11109354.00,9849793.00,10721760.00,4658948.00,5204544.00,4934435.00,6492385,3424612.00,5415307.00,6161063.00
Peak_215,Acetophenone,28568522,21784696.00,28429493.00,29226732.00,27646126.00,26322320.00,31285468.00,29731076.00,29817603.00,19150589.00,22835427.00,27683291.00,26916365.00,28877223.00,29639718.00,32829287.00,0.00,0.00,0.00,0,0.00,0.00,0.00
Peak_216,"Silanediol, dimethyl-",104396624,95261041.00,104111875.00,145219169.00,210135926.00,116666556.00,111242559.00,149353378.00,118030667.00,95202520.00,123219523.00,118506268.00,96200162.00,152355163.00,124794325.00,99554433.00,3923229.00,5999267.00,0.00,2782168,4478193.00,0.00,0.00
Peak_218,"Cyclopropane, nonyl-",10296275,6146706.00,10184403.00,11248432.00,12270796.00,12296355.00,13452093.00,12819528.00,11278551.00,13381440.00,12330505.00,14040770.00,11373105.00,15367096.00,15085195.00,14116350.00,0,0.00,6070201.00,0,0.00,0.00,3336820.00
Peak_219,"Cyclopropane, 1-heptyl-2-methyl-",12028397,5854439.00,11878132.00,17095606.00,15738417.00,0.00,10116829.00,14799880.00,11447447.00,0.00,0.00,0.00,0.00,10877286.00,9648279.00,9097636.00,6638776.00,6859498.00,6353350.00,7425750,7422913.00,9358539.00,6262340.00
Peak_222,"3,4-Dihydroxyphenylglycol, 4TMS derivative",3595770,0.00,3527055.00,0.00,6598725.00,0.00,6365171.00,4919389.00,14816760.00,28633296.00,2078619.00,0.00,14320380.00,4168773.00,3468663.00,2910486.00,0.00,0.00,0,0,1627306.00,0.00,0.00
Peak_223,"Benzaldehyde, 2-hydroxy-",16022204,9861140.00,15849465.00,18097068.00,20266334.00,6145276.00,0.00,9136527.00,0.00,0.00,0.00,5736819.00,0.00,5449209.00,6688660.00,6349147.00,0,0.00,0.00,0,0.00,7069087.00,0.00
Peak_225,"Bicyclo[3.2.2]non-8-en-6-ol, (1R,5-cis,6-cis)-",21714022,16163064.00,21611847.00,21561334.00,22430215.00,21417207.00,30471015.00,15462894.00,0.00,0.00,30289815.00,37120927.00,0.00,16945519.00,18180941.00,17828966.00,104672683.00,98441607.00,81701409.00,141832347,147157086.00,71782523.00,123145880.00
Peak_227,Butanoic acid,0,0.00,0.00,0.00,0.00,0.00,3325946.00,3791211.00,0.00,0.00,2637484.00,3276122.00,0.00,0.00,0.00,0.00,0.00,0.00,0.00,0,0.00,0.00,0.00
Peak_228,Terpineol,128365904,93313661.00,128321916.00,118540767.00,106370379.00,100517697.00,116879623.00,104735372.00,105099321.00,79336004.00,93916445.00,110902697.00,93313843.00,111395383.00,107601322.00,118609175.00,0.00,0.00,0.00,0,0.00,0.00,0.00
Peak_229,Isoborneol,34333263,26862460.00,34309543.00,34390402.00,34355962.00,47212215.00,52740805.00,43947472.00,31843093.00,29505009.00,48313388.00,51666358.00,46205394.00,17555421.00,19188175.00,27104720.00,0.00,0.00,0.00,0,0.00,0.00,0.00
Peak_246,"Naphthalene, 1,2-dihydro-1,1,6-trimethyl-",61311187,37472301.00,61365369.00,47959237.00,57633038.00,8899095.00,15008935.00,6469383.00,25175614.00,0.00,16587540.00,0.00,15302031.00,23657564.00,39278446.00,44157769.00,11866851.00,10244551.00,7733209.00,0,21573836.00,17165128.00,28000880.00
Peak_250,"Oxime-, methoxy-phenyl-_",29802375,31417107.00,29786697.00,58725759.00,125253826.00,40041458.00,39831214.00,60971265.00,48146644.00,27745633.00,50281696.00,43983196.00,28761759.00,78801795.00,53837473.00,31287507.00,7430899.00,0.00,0.00,0,0.00,0.00,0.00
Peak_251,Methyl salicylate,7754588,4983378.00,7686786.00,8885058.00,13793902.00,6886001.00,10674231.00,8033714.00,10752563.00,4418787.00,6031127.00,6677136.00,4697799.00,9114407.00,10783601.00,4908762.00,0.00,0.00,0.00,0,0.00,5061416.00,0.00
Peak_255,"Cyclopentane, 1,3-bis(methylene)-",0,0.00,0.00,0.00,0.00,0.00,0.00,0.00,0.00,0.00,0.00,0.00,0.00,2446966.00,5283335.00,1136084.00,0.00,0.00,0.00,0,0.00,0.00,0.00
Peak_256,(-)-Myrtenol,1846968,0.00,0.00,0.00,0.00,2589054.00,3153662.00,2592319.00,3491610.00,2519895.00,2717666.00,3294221.00,2544035.00,0.00,0.00,0.00,0.00,0.00,0.00,0,0.00,0.00,0.00
Peak_260,"Cyclotrisiloxane, hexamethyl-",0,6505170.00,5176329.00,11218479.00,25065946.00,7907198.00,9084784.00,12341631.00,10917789.00,6649450.00,10596347.00,9949416.00,7530727.00,12760977.00,10141461.00,7046299.00,0.00,0.00,0.00,0,0.00,0.00,0.00
Peak_266,"Cinnamaldehyde, (E)-",0,0.00,0,0,0,0.00,0.00,0.00,0.00,0.00,0.00,0.00,0.00,0.00,0.00,0.00,0.00,0.00,0.00,0,0.00,1073932.00,1331759.00
Peak_267,Thymol,0,0.00,3188238.00,3927588.00,2920340.00,0.00,3683271.00,0.00,2078554.00,0.00,0.00,2627688.00,2215097.00,3117124.00,3541291.00,3228253.00,0.00,0.00,0.00,0,0.00,0.00,0.00
Peak_269,"Furan, 3-phenyl-",0,0,0,0,0,0.00,0.00,0.00,0.00,0.00,0.00,0.00,0.00,0.00,0.00,0.00,0.00,0.00,0.00,0,0.00,0.00,0.00
Peak_270,Benzyl alcohol,17179972,8563688.00,17199834.00,13978936.00,10698652.00,22525968.00,28308179.00,22363049.00,21955302.00,28460425.00,27735007.00,30820686.00,25005064.00,25352179.00,25632728.00,26738154.00,1424277.00,1596489.00,1683893.00,1159518,1703447.00,1216111.00,1340121.00
Peak_271,"Cyclotetrasiloxane, octamethyl-",0,0.00,4489066.00,6863701.00,13426471.00,149020.00,3829867.00,5329101.00,6162490.00,0.00,8072087.00,4711666.00,0.00,9134378.00,7001567.00,6149988.00,10217143.00,7982106.00,4768848.00,5887425,13710596.00,1784507.00,11344502.00
Peak_273,"Cyclotetrasiloxane, octamethyl-",0,0.00,0.00,0.00,0.00,0.00,0.00,0.00,0.00,0.00,0.00,0.00,0.00,0.00,0.00,0.00,0.00,0.00,2450366.00,0,0.00,0.00,0.00
Peak_274,"1-naphthalenamine, 5-methoxy-",0,0.00,0.00,0.00,0.00,0.00,0.00,0.00,0.00,0.00,0.00,0.00,0.00,2392926.00,0.00,0.00,0.00,0.00,0.00,0,0.00,0.00,0.00
Peak_276,Phenylethyl Alcohol,2444421,1151001.00,2705247.00,3111376.00,2046810.00,7166525.00,8450796.00,7832884.00,7771573.00,12927600.00,14311379.00,14751527.00,13405642.00,2804394.00,3679870.00,3465881.00,0.00,0.00,0.00,0,0.00,0.00,0.00
Peak_277,"Benzenecarbothioic acid, S-methyl ester",0,0.00,0.00,0.00,0.00,0.00,0.00,0.00,0.00,0.00,0.00,0.00,0.00,1337920.00,1455311.00,1129983.00,0.00,0.00,0.00,0,0.00,0.00,0.00
Peak_278,"Benzonitrile, 2-methyl-",5691958,3547752.00,5742088.00,6621259.00,5287055.00,4450577.00,5441005.00,4885505.00,5464004.00,5298875.00,4988171.00,5575768.00,5169222.00,5345080.00,6190195.00,6333459.00,0.00,0.00,32349937.00,1877624,2939015.00,2272198.00,1846870.00
Peak_279,"2,6-Bis(1,1-dimethylethyl)-4-(1-oxopropyl)phenol",2995469,0.00,3010656.00,2897755.00,3467783.00,2887647.00,2619028.00,3259405.00,3415830.00,2554875.00,3241364.00,4133925.00,2467036.00,2550367.00,2338336.00,3592141.00,0.00,0.00,0.00,0,0.00,0.00,0.00
Peak_285,"Cyclopentasiloxane, decamethyl-",0,0.00,0,0,7575861.00,0.00,0.00,3519155.00,0.00,0.00,7210150.00,7647621.00,0.00,1637076.00,4683653.00,1194963.00,0.00,770413.00,0.00,0,0.00,0.00,0.00
Peak_289,Phenol,2440953,0.00,2443531.00,2781679.00,2472541.00,0.00,2672039.00,2425847.00,2149943.00,1871981.00,0.00,0.00,2579130.00,2427558.00,2548825.00,4022259.00,0.00,0.00,0.00,0,0.00,0.00,0.00
Peak_292,p-Cresol,8000924,6586099.00,7993296.00,8810313.00,7292569.00,6884742.00,8579940.00,7428280.00,7406738.00,8269858.00,7433439.00,8774540.00,8164069.00,8601139.00,8930666.00,10035987.00,1614219.00,1133193.00,574531.00,1152278,467512.00,1954749.00,0.00
Peak_297,3-Allyl-6-methoxyphenol,1377619,0.00,0,0.00,0.00,2004573.00,3198658.00,2021721.00,1691181.00,3328728.00,4606019.00,3282364.00,2745832.00,0.00,450256.00,0,408937.00,1685487.00,0.00,6800949,4119215.00,0.00,5786691.00
0,0,0,0.00,0.00,0.00,0.00,0.00,0.00,0.00,0.00,0.00,0.00,0.00,0.00,0.00,0.00,0,0.00,1467817.00,0.00,0,0.00,0.00,0.00
