Peak_ID,PB2a,PB2b,PB2c,PB2d,PB2e,PB2f,PB2g,PB2h,PB24i,PB24j,PB24k,PB24l,PB24m,PB24n,PB24o,PB24p,PB48q,PB48r,PB48s,PB48t,PB48u,PB48v,PB48w,PB48x
Peak_001,0,0,0,0,0,0,5795270,0,0,0,0,0,0,0,0,0,0,0,0,0,0,0,0,0
Peak_002,82368626,47636186,61870420,51188762,39234111,38226836,27470623,33885764,58822071,41611292,31326314,37315198,39304216,32601205,37270471,34825190,50178167,29535827,45050536,38431368,9735624,35081095,37046642,34991528
Peak_003,26617991,0,0,0,0,0,0,0,10633938,0,0,5318866,0,0,0,4495959,9819342,0,0,5448505,0,5015323,5076102,3160167
Peak_004,0,0,0,0,0,0,0,0,0,0,0,0,0,1324619,0,0,0,0,0,0,0,0,0,0
Peak_005,0,3600186,4662479,3078626,3579858,3590181,0,3222384,1592209,2779393,1038804,2871995,3011508,887499,2974238,2876816,0,1383215,3832991,3588906,0,3459074,3001954,1977731
Peak_006,8104959,2737005,2693075,0,2037318,2447161,0,2198905,3739163,2331264,1372768,3061561,2646548,1764468,2716017,3193143,2110520,1200331,2504646,2186967,0,2606252,2931460,2122957
Peak_007,9126077,9865619,12845037,9610941,14416340,13724546,10346279,12769512,3844143,12406164,8503048,13171003,16639262,12376494,15375712,15072916,2562858,9328380,14967091,15461810,4558501,18081996,16784220,13349777
Peak_008,0,318614927,204272946,178750298,190702011,202438805,173631451,203231815,0,83963821,14080125,79963752,73732441,72322503,91694808,72091989,0,30303141,25341191,37002052,13612929,38988760,38798440,29300916
Peak_009,0,0,0,0,0,0,0,0,0,0,55226750,0,2823150,2170387,0,0,0,1493133,0,0,0,0,0,2059505
Peak_010,0,9123306,7092587,5612653,6665169,7138536,4892471,6868508,0,2246076,0,2403896,3056350,2674928,0,2396070,0,0,0,2464018,0,4906830,5123107,0
Peak_011,0,0,0,0,0,0,0,0,0,2893304,0,3841913,0,0,0,3419377,0,0,0,0,0,0,0,0
Peak_012,3074668,88494308,85833465,72804993,102177510,92205839,78738184,98137315,1816242,122731752,92585136,122591665,134623350,111013976,130385388,131152090,831127,122351855,136549669,147705965,55031163,152693739,153366832,129578457
Peak_013,0,257303195,235863802,204434713,217099606,232619333,196027350,223140227,0,201196627,162598653,184156089,186850636,171663958,184995482,188907305,0,141217021,136075655,161350224,60910745,154402573,160111587,140245058
Peak_014,1383935406,257666502,373321868,338202645,287437473,258870062,242489457,217950928,320308725,217582825,216995255,283523927,237065660,216130621,247912267,204735232,346675995,127175910,202550389,196555402,72457059,192784214,183000312,177469470
Peak_015,0,18646930,42289099,36973179,0,17178847,0,15694031,0,9997162,49416192,0,0,0,0,0,0,0,0,29546667,13603299,29788125,26963798,0
Peak_016,0,37848872,33555484,29815157,36323325,36060868,37249300,37939955,0,28791481,0,36183608,28162935,26572548,34184910,30188645,0,18417875,30161059,0,0,0,0,27325799
Peak_017,0,31822141,2131021938,2258310391,29581448,26258276,0,28071061,0,20007557,0,26386102,23620578,19893399,23901378,21741910,0,13743416,19478559,20079432,0,21821406,20396970,18870971
Peak_018,0,0,0,0,0,0,0,0,33687969,0,0,0,0,0,0,0,0,0,0,0,0,0,0,0
Peak_019,0,2763797322,313486637,0,2019324337,2475494196,2275263295,2041361284,16838522,1754411205,1791155320,1567502191,1620984358,1515350196,1601933729,1618327801,0,1127529312,1017338464,1248909535,499574210,1171889365,1261179815,1176534330
Peak_020,28048040,0,0,0,305472746,0,0,312447651,0,245582508,0,247273684,234467165,235569196,251560746,237865067,14945546,168052686,177698671,191507931,100161771,191213761,189394581,207348579
Peak_021,22583126,239954072,191951338,193122335,113755235,116332521,210609427,116250177,11755193,144288365,152793947,154953611,81254220,84411603,92638092,84685713,0,105870127,66187320,116794603,37862707,68685082,65935827,68740325
Peak_022,0,0,0,0,124081694,95055174,0,111597749,0,0,0,0,84375341,70768136,80839333,75530234,11169037,0,32925296,0,37509756,58655320,58380201,63041531
Peak_023,21176744,225427829,178839169,183978596,266583029,234760778,235030721,262873359,0,132539297,148624916,141338747,163910459,162769311,184533401,160032297,0,108781109,106516340,114942893,124745995,141632847,135537350,146969700
Peak_024,0,0,0,0,0,0,0,0,0,0,0,0,0,0,0,0,2543416,0,0,0,0,0,0,0
Peak_025,15593720,0,0,0,0,0,0,0,8567494,0,0,35773662,0,0,0,31751537,8369577,0,24861107,26207904,0,27212535,25449640,30379222
Peak_026,0,0,0,0,0,0,0,0,0,0,0,0,0,0,0,0,0,0,0,0,0,0,0,0
Peak_027,16757232,1398532606,1291463067,1286679192,1362747467,1310687538,1329071142,1361025700,9049316,1291845077,1459544267,1331324517,1265705925,1376300776,1319623123,1249153416,8989649,1319525501,1426280902,1350698668,956521184,1405820599,1324010035,1348218465
Peak_028,0,216605325,171784681,191273680,187126479,171138362,180846048,196433594,10167057,94493161,0,150816255,130418674,0,154534259,131130193,4580520,0,0,0,0,0,0,0
Peak_029,0,47841774,40724391,40434537,53572069,38315595,44052091,44901299,0,54060800,0,33802429,30834471,31028424,33607672,29650635,0,21468172,30538931,0,0,0,0,0
Peak_030,0,200828810,166450943,164984375,173356519,165674767,161216399,172881306,0,109751451,106114688,119290947,112040738,112171101,122286614,113515195,0,66884309,70911581,80206971,72826756,82228095,79658681,86305910
Peak_031,0,32611585,26012132,25953195,29942266,29038730,28738752,32967625,0,20595900,18759348,23501276,22687824,23581395,25365570,23983616,0,13373070,17036434,18382284,14850718,20549610,19805407,22323047
Peak_032,0,49031345,41638852,41504743,45161783,42487411,43030657,46180419,0,33543255,29000872,36093930,33668661,33839395,37395568,33850097,0,21144815,25414332,25949899,25217068,28142582,27317979,31645403
Peak_033,679742383,80049823,107989610,87587195,87359198,80134488,67466874,75192072,130174450,78500019,70377536,101528169,86831778,78564556,89501054,79741935,185626141,60373882,96749417,95144668,40499933,93324957,87546524,94182864
Peak_034,0,129288060,133795454,113604137,120963077,123949615,109163819,121151376,0,106197204,85195284,107788543,104414372,93878735,104482202,104240503,0,69955393,86104981,91578527,42387828,88937486,91131150,92462070
Peak_035,0,66154377,61717877,56245278,58987237,60613180,56235055,60286081,17123139,46339271,42881028,45111292,44769131,41167921,45856595,44982599,0,25539847,30560831,34950757,17906073,32740059,34379231,35353493
Peak_036,55295921,97002429,85981969,80507636,84819210,80130509,76806961,85614054,0,60199004,47245307,64135091,60791048,56778822,65899485,59359758,0,32682789,38350798,46852310,33596604,46101116,44999556,47784174
Peak_037,0,21360430,18556011,17868492,21585076,20029931,19271820,20745984,28547651,14133990,0,17308299,14488262,15228194,15704514,15747160,0,8309749,14320044,13515864,0,14400106,14880864,15752913
Peak_038,0,32651784,27030406,25433731,28015776,26487195,25622803,28597645,0,16200768,13635541,18360534,17388982,15927270,18362874,16825924,0,6092535,0,12025197,0,11820706,12462325,13438292
Peak_039,6893735,43115980,37629690,34657934,37919609,36154472,33950101,37660905,0,22544390,17897907,24712484,24461007,22511382,27333807,22366021,0,8218954,17701219,19113455,0,15884323,18517327,17704646
Peak_040,0,170154797,128181120,120157720,124990030,126303718,118832148,129301743,0,64650288,52667442,65384730,60087824,58920165,65658221,63418478,1905358,19449598,29088475,33679162,21857921,34618779,33678007,33654904
Peak_041,0,0,0,0,0,0,0,0,0,0,0,0,0,0,0,0,3449969,0,0,0,0,0,0,0
Peak_042,4145450,0,0,0,0,0,0,0,5139065,0,0,0,0,0,0,0,3556230,0,0,0,0,0,0,0
Peak_043,0,0,0,0,0,0,0,0,0,0,0,0,0,0,0,0,0,0,0,0,0,0,0,0
Peak_044,6059342,55534820,49906241,33097461,39056226,47333204,46080693,40194806,7417748,29825541,24289707,32286565,29308220,24231237,44170263,30515768,7796590,12965648,26380887,37675967,16881121,25414254,24382623,28224203
Peak_045,0,19761891,15914856,15730824,19016104,16346229,17827336,20007709,0,0,4556536,8436527,7497411,7684959,8489433,0,0,0,0,0,0,0,0,0
Peak_046,0,57210569,48140585,48934406,57208411,53147249,49008392,57802811,4112300,57758903,34960104,54992098,52624500,45902345,54344547,61376351,1494005,30090208,50881380,50920726,33474625,50104653,50921328,49674832
Peak_047,0,93040325,87728749,78979956,85396735,85704441,78570576,86522365,0,69396732,53165230,68357760,67939867,63821554,68664137,70111164,0,35627624,48777976,53116764,24341887,50273179,53231640,57257725
Peak_048,0,48619955,43398425,38963635,42432204,43962455,41680704,43408979,0,18685046,22533573,20840922,20849579,18041511,22033321,19291897,767582,1798294,9677274,13323613,0,11301800,11632226,13198799
Peak_049,0,0,0,0,0,0,0,0,0,7900819,0,14596873,8161537,12837082,7633665,9051346,0,0,13175771,6745149,0,6839320,9911827,16960015
Peak_050,0,0,0,0,0,0,0,0,6415542,0,0,0,0,0,0,0,3267380,0,0,0,0,0,0,0
Peak_051,0,14039981,15602370,13245176,13617935,13454172,12888088,13351464,3803361,8156672,4582762,0,11620691,11890995,9758681,11420751,985038,0,0,0,0,0,0,0
Peak_052,0,0,0,6535305,0,0,0,0,0,0,3448821,6691142,0,0,5010642,0,4596246,1346571,14468749,0,0,0,0,0
Peak_053,0,0,0,0,0,0,0,0,0,0,0,0,0,0,0,0,0,1282553,0,0,0,0,0,0
Peak_054,0,181776133,145506556,125830219,130882666,132644934,134037005,128093409,0,53395527,34496278,60459911,58206430,40565184,62377327,66505929,0,10014158,32044813,26724941,10877128,18653998,29718120,27050523
Peak_055,0,10225558,10733835,10313030,10836587,9779584,0,10864914,0,8251198,2140327,9293951,8441617,7928460,9667067,8882546,0,1872407,6148075,8530014,0,5932879,7790302,8185044
Peak_056,0,6947583,7191502,7378728,8016416,6884694,8347067,8121467,0,6539987,1139645,6349763,5367075,5624817,6466269,6867096,0,1605992,2755832,5415441,0,3318137,3772156,3177151
Peak_057,0,0,0,0,0,0,0,0,0,0,0,0,1621672,0,0,0,0,0,0,0,0,0,0,0
Peak_058,0,53026221,38445339,34140771,34208931,34511670,32570124,38550091,0,10268791,6326465,11158841,10778853,9692290,11978933,11700345,0,1627393,3627039,4503908,0,2779018,4792257,4966446
Peak_059,0,0,0,0,0,0,0,0,0,0,0,0,0,0,0,0,0,0,0,0,128621326,0,0,0
Peak_060,1629810,269694921,259053392,228550497,270160537,252613506,220396232,276328443,0,264878314,211165669,276205216,259091835,230424074,271863949,264813256,0,222740962,262822781,255055967,0,263494971,250200024,227194531
Peak_061,0,24882688,24193517,18090734,25136735,18351363,24123815,23223716,0,11608788,7628632,14642829,15252232,12057260,14149802,14537027,0,7156229,11061463,14789993,4632852,9064248,10946944,13224202
Peak_062,0,0,0,0,4907722,0,0,5609513,0,0,0,3838980,0,0,0,0,0,0,0,0,0,0,0,0
Peak_063,0,1041854608,746849080,706486150,680490339,717765221,667235044,717624218,0,219726760,212838466,217250375,214310696,218501930,238157856,229601804,0,79922559,78892271,89375744,44535666,84765772,105119154,104988011
Peak_064,0,30977977,15771927,28832302,25273448,19389011,41221651,19725461,0,5765143,13761871,7403576,6846098,9176944,9349175,6454422,0,2904273,3171778,3518499,0,1722484,3414685,4723103
Peak_065,0,18642000,13711161,13477953,16080171,12294081,13395637,17496264,0,7075946,5813897,8977260,7681897,7221629,9520474,7835987,0,2647244,3435368,4604031,3985424,3040415,4129341,4492052
Peak_066,0,59519524,48845892,44339670,47043700,45034111,46926638,35238920,0,11645193,16176057,11933450,11235947,10623816,13094482,11944541,0,3440123,3749094,4787415,0,3212924,5326852,5485243
Peak_067,0,0,0,0,0,0,0,14062041,0,9268384,0,10823248,9977360,8118422,10733340,12306509,0,5119883,7334756,8612429,9016261,4568617,8256450,7932960
Peak_068,0,19305089,19150607,16287411,19916684,17472920,19872464,20835953,0,12591505,8883068,13308303,13961234,10504080,13660618,14210250,0,6705929,8032952,9233213,3833692,6928865,8001503,9538148
Peak_069,0,9327474,9365330,7047082,8773965,6669846,8100260,10039988,0,3531946,1109165,3457705,2697911,1472212,4009001,4190444,0,0,0,6101155,2395900,5349034,5221600,0
Peak_070,0,5641906,7783521,5833326,7379211,6015331,7634452,7609320,0,6556031,4433356,6138472,6527574,4814279,6344750,6846747,0,4819307,5080667,4573607,2055525,3786417,3353019,5219674
Peak_071,0,5336575,5519685,3990124,4792203,3096764,4823913,6544143,0,5170669,2841798,4581530,5642666,3275685,5877678,5893345,0,2908491,2909928,36705040,8694379,28926060,25526303,3970388
Peak_072,222782496,21450212,33974159,23574928,27674258,23941354,20761454,25349861,45540052,31421418,24285995,37223752,28122878,20591204,32782524,25101877,47697732,29768010,41975553,22377755,4796367,20094700,13801039,27451928
Peak_073,0,11190984,14434357,11493783,14162451,13014517,12345360,14050178,0,14641557,10980359,14872969,14366237,11168688,14516629,15013368,0,10511214,19979345,0,0,0,0,11130089
Peak_074,0,17469145,19429907,15964476,19315787,16270627,16819176,18718058,0,10489939,8919789,11058125,11236200,8436481,11348556,10721820,0,5343976,0,0,2396269,0,6634113,4226610
Peak_075,0,32657956,35377801,29888508,34584339,31229074,32050157,35751735,0,18530014,15799376,19686438,18372994,14679608,19410394,19144141,2644249,7084163,9355685,11047202,2812621,9935196,9953288,5313263
Peak_076,0,0,0,0,0,0,0,0,1586351,0,0,0,0,0,0,0,4842288,0,0,0,0,0,0,0
Peak_077,12082889,7155185,13404996,8744566,0,7282618,0,11800917,8184427,7316955,0,0,0,0,0,0,0,0,0,5584436,0,5218958,0,0
Peak_078,0,91288798,77525803,68440024,63252486,63826315,63581923,68207855,0,20556181,18273104,20345084,22304622,19169956,22843452,23604844,0,8065770,9149420,11640556,4794673,10723539,11292686,9425495
Peak_079,0,20361475,20961230,20234650,21425227,15295342,23100661,21876104,0,7974233,7131611,9035449,8423750,6330357,9324026,8925902,0,3313097,3055709,4726519,0,3350842,3415225,2874667
Peak_080,0,88661692,63520776,54809028,42198766,44801253,43038806,49297343,0,11010011,9081937,12754377,17967544,16878840,19943597,19704146,0,4216819,5313931,6092927,2967655,7503462,7565501,9051878
Peak_081,8998347,20806201,22912675,18558068,19143031,18005577,22620556,18709019,4021156,5371602,5524400,6075521,9596962,7969442,9227493,6376698,3162751,2360416,2772711,2572673,0,4007893,4041189,7186423
Peak_082,0,0,0,0,0,0,0,0,0,0,0,0,0,0,0,3309481,0,0,0,0,0,0,0,0
Peak_083,2877423,0,0,0,0,0,0,0,0,0,0,0,0,0,0,0,0,0,0,0,0,0,0,0
Peak_084,5728950,2674191680,2471644028,2439746387,2581645946,2509412223,2510469744,2505572081,3886134,2026509098,1867611555,1941352179,2090378903,1940537367,2006423624,2012254065,5904458,1688599241,1805868085,1782328824,1048624965,1833004169,1822523514,1847983696
Peak_085,0,193739241,130582776,0,110327382,134582128,0,163902458,0,0,0,71063874,36937869,0,44333848,36659298,0,0,0,0,0,0,0,0
Peak_086,0,0,0,0,60879927,0,0,0,0,0,0,0,34880876,30893017,38536142,32994245,0,0,0,0,0,29747637,26214536,31199945
Peak_087,0,28280179,23756141,21179958,25786150,19575195,21757106,26218277,0,12717453,11937430,14643849,0,12143541,16223644,14192676,0,6555343,0,12248054,11875823,10144864,10741838,13038683
Peak_088,0,28776476,25035539,15695133,31348437,18505331,25932570,30660257,0,9107094,12653146,10200479,10499008,14143022,16385000,11166636,0,5155336,6258048,9083830,0,0,0,0
Peak_089,0,0,0,0,0,0,0,0,0,0,0,0,0,0,0,0,0,0,7160573,0,1234305,0,0,0
Peak_090,0,18144791,14193409,11204938,13816701,12821692,12730025,15202845,0,4497325,4410654,4124853,5530285,4646052,7507201,6054374,0,0,0,0,0,0,0,0
Peak_091,0,38565688,30684018,24420309,28843179,24863238,27402988,30135758,0,9636174,8328733,6960312,10310623,9697051,11995720,8169091,1734937,0,3441495,0,0,0,5116817,5956918
Peak_092,4006797,0,0,0,0,0,0,0,1394852,0,0,0,0,0,0,0,0,0,0,0,0,0,0,0
Peak_093,0,909318554,687503901,654641455,626271458,663377939,636295750,648728175,0,163893379,171947690,161170917,166841389,167142875,174748626,173088577,0,55551699,52395567,60474315,26061321,56853289,71120431,85680502
Peak_094,0,64092088,44451225,42564600,50750928,37731769,40755266,53866457,0,21004109,20598720,23367053,22934803,22305681,25757177,24608278,0,13924363,15293447,15362007,6383228,16711390,16868293,20541480
Peak_095,0,41527328,40109525,34153575,41578482,39653568,38592087,56123759,0,28844458,26794621,30708964,30633687,28834842,30744945,33967440,0,22713485,24262740,23839624,10534276,24119369,23675408,33468362
Peak_096,0,23506804,19288969,15230036,0,0,18356893,0,0,0,8166962,0,0,0,0,0,0,0,5141301,0,2757565,0,0,0
Peak_097,0,0,0,0,0,0,0,0,0,0,0,0,0,0,0,0,0,0,0,0,0,0,1238640,2152695
Peak_098,0,515880863,364644889,329346353,284462910,335088209,318195962,326505524,0,50193249,51555171,51887333,66810649,69046460,72027108,73855530,673873,10837449,12193638,13322013,4754331,15488334,15447477,22681310
Peak_099,0,0,0,0,0,0,0,0,2850061,0,0,0,0,0,0,0,0,0,0,0,0,0,0,0
Peak_100,0,0,0,0,0,0,0,0,1640854,0,0,0,0,0,3177535,0,0,0,0,0,0,0,1672279,0
Peak_101,0,0,0,0,0,0,0,0,611714,0,0,0,0,0,0,0,0,0,745951,0,0,0,0,0
Peak_102,0,79888587,82907523,75472521,55117386,55245694,51347927,44901957,0,23373525,27535524,26466704,20755436,20793821,23998326,18141149,0,12611919,22073234,16925612,8465525,16812435,14087422,13056143
Peak_103,0,0,0,0,0,0,0,0,654386,0,0,0,0,0,0,0,0,0,0,0,0,0,0,0
Peak_104,0,71622626,57015838,39608871,37664838,40751979,41714440,42007435,0,13653325,16024956,17430708,17228338,17368894,19459209,18653574,0,8751498,12559263,10383701,3690067,10599032,11809293,14063997
Peak_105,2204758,0,0,0,0,0,0,0,0,0,0,0,0,0,0,0,0,0,0,0,0,0,2406664,0
Peak_106,0,0,0,0,0,0,0,0,0,1441741,1492819,978598,1569817,1297429,1319310,1982257,0,1032511,1164016,1276344,0,1045845,1280610,1420404
Peak_107,1926943,4631647,6342458,3533566,6067568,4294820,5750889,5491780,0,2956622,3137404,2651435,3730776,3018502,3424073,3491192,0,2401022,1162869,1181330,0,2308620,2208737,3057354
Peak_108,0,0,0,0,0,0,0,0,0,0,0,0,0,0,0,0,0,0,1403073,1236348,0,0,0,0
Peak_109,0,3858138,4496310,3186292,2398345,3386190,3473417,3563986,0,0,0,0,0,0,0,0,0,0,0,0,0,0,0,0
Peak_110,0,0,0,0,0,0,0,0,0,1152154,1189302,0,1523046,829751,795333,0,0,875800,1167892,842737,0,721548,985559,1128998
Peak_111,0,9107767,8748502,7778374,8129730,8211513,7854001,8102929,0,4207353,4525400,4236343,4585088,4321922,4307521,4528819,0,3108864,3436356,3218854,1446776,3197053,3266040,3785814
Peak_112,0,142025035,136745643,126671954,134736943,134568664,130815836,133714886,0,65055950,66607678,68005335,67640103,65857717,65841973,67171293,0,41967301,44303269,45468971,19792567,43580987,45699329,57687500
Peak_113,0,0,0,0,0,0,0,0,0,1534289,1640946,1593135,1711001,1961248,2378860,1710922,0,1884143,1480046,2137674,0,1399507,1714480,1787510
Peak_114,0,9634951,6287039,0,0,0,0,6214030,0,0,0,0,0,0,0,0,0,0,0,0,0,0,0,0
Peak_115,65845579,28529185,31923304,31820388,33984714,35137281,29769643,28454753,13543719,18457081,15732598,21175706,19798091,16374815,19452733,19050474,14752344,11460267,17015866,16139596,4187849,16305975,15023133,16785638
Peak_116,0,0,0,0,0,0,0,0,0,0,935922,0,0,0,0,0,0,0,0,0,0,0,0,0
Peak_117,0,6568482,7882219,6835585,7884015,7949590,7869370,8006453,0,7710323,7934275,11950608,12042826,11832608,11368944,11604783,0,9155228,9365495,9809763,2820187,8792927,8737369,12039155
Peak_118,0,13199035,11275911,10030975,8978409,9928820,9364980,9141912,0,3814812,4104910,0,0,0,0,0,0,0,0,0,0,0,0,0
Peak_119,19597143,893646551,939142730,858579468,947437661,951049310,917005479,944067555,16991788,824200043,790584193,814381330,831998440,817500430,813123193,827913565,15065762,661350661,691972094,694736276,309797294,693025885,702746213,864051773
Peak_120,7692799,21826440,0,0,0,0,0,0,0,0,0,0,0,0,0,0,4062752,0,0,0,0,0,0,0
Peak_121,0,18430965,20841002,17056627,20802961,19125589,18493658,24335034,2814696,19136629,19227646,19190267,18994100,21211522,20840938,20082083,0,17366888,18258547,16702187,9474239,18236700,17330859,24600458
Peak_122,0,0,0,0,0,0,0,0,0,0,0,0,0,0,0,1965645,0,0,0,0,0,0,0,0
Peak_123,0,159972487,134028578,124878187,120558134,126044347,120001345,123105501,0,25510696,29359271,28407755,28949449,28512889,29475972,28959008,0,10193937,11085954,12452115,5853996,10957961,13966747,17953938
Peak_124,0,0,0,0,0,0,0,0,0,2156403,0,0,0,0,0,0,0,0,0,0,0,0,0,0
Peak_125,0,69309714,74169972,66931932,76241637,75259882,71428617,76245445,0,66262791,63590744,66674153,68970192,67582632,66617619,68554643,0,57046769,60132305,59952244,23342103,60331660,60615407,75483267
Peak_126,12986569,8222411,10708761,9229749,7990421,8023444,7010334,7422372,1933915,5895193,5238147,6234694,5977234,5328541,5810731,5946505,2011687,3785417,5748664,5606822,2247834,5812466,5068885,6473412
Peak_127,0,12098698,12238044,11264164,9647571,11582832,11146730,11303961,0,4748975,4499462,4521056,4700822,4903644,4534678,4544340,0,2990330,3381095,3036715,0,2848473,3069582,3808649
Peak_128,0,0,0,0,0,0,0,0,0,0,0,0,0,1729452,0,0,0,0,0,0,0,0,0,1824683
Peak_129,0,12366372,13680788,11799327,11184809,10906805,10017980,10379946,0,5906242,6485235,5430547,5452718,5368658,4566173,5072967,0,4103491,4505401,3657467,0,3512404,3104630,3813696
Peak_130,0,203197962,212234004,191664152,204942104,211536250,201473968,209117847,1084601,193095895,186604840,191680997,191546899,193795594,187567101,193707398,932650,165498890,170366412,171988534,70558429,168415178,169387296,211765025
Peak_131,0,0,0,0,0,0,0,0,0,0,0,0,0,0,0,0,0,0,0,0,1269223,0,0,0
Peak_132,0,4752117,5208147,5216699,5798261,5145059,4878033,5112693,0,5247227,5069133,4659156,5482230,5517561,4883824,5182653,0,4401516,4622297,4077562,2110849,4374050,4141093,5430867
Peak_133,0,5041940,6098419,5935998,5563574,5554761,4946499,5383344,0,4376158,4157152,3865938,4440409,4936199,3870119,4884676,0,3411117,4144772,4991370,1397280,3630166,3582997,4461088
Peak_134,0,4511094,4450421,4379423,4405402,4042216,4249397,3889760,0,0,0,1448399,2287623,2024489,2203074,2095148,0,0,0,0,0,0,0,1429739
Peak_135,4120062,15544745,12139688,10483117,11314510,11656646,10067471,12008062,2764212,12150551,12060364,12336899,14390500,13120428,14412190,14824305,0,5779251,11030365,9889928,2175370,11996822,10423708,12993838
Peak_136,0,11835717,10241205,9771260,11118609,10273763,9862691,11677103,0,0,0,0,0,0,0,0,1571653,2679790,0,0,0,0,0,0
Peak_137,0,0,0,0,0,0,0,0,0,0,0,1289740,0,0,0,0,0,0,0,0,0,0,0,0
Peak_138,0,191857715,205389709,187008888,210742822,206891656,208052407,208103847,0,189979500,194124522,191948780,193975843,200162854,190030429,190942898,0,163950586,180704527,172584475,71307485,174648319,170105442,236475466
Peak_139,0,15724223,13048775,11693400,11035809,11171004,10414513,11502896,0,0,0,0,0,0,0,0,0,0,0,0,0,0,0,0
Peak_140,0,17907391,18834412,17054483,17694611,18381402,17090551,17495550,0,8699221,9142864,8615563,9054530,9298603,8974938,9126048,0,5449250,5341541,5394509,2500907,5179869,5031356,6392014
Peak_141,39603577,397208129,420306592,370613753,346254837,382561343,358723838,363690962,21268843,422121896,399756728,413289652,365688264,379952816,377623467,382183234,23262580,396859747,415649853,420706712,119573934,389358509,391665519,508039149
Peak_142,0,0,0,0,0,0,0,0,0,0,0,0,0,0,0,0,0,0,966974,0,0,0,0,0
Peak_143,0,96839386,98867308,89297271,97904385,98600550,97429453,99165321,0,69160025,71587508,69317409,70420049,73444781,68629013,69746933,0,58619814,65008441,61934095,25235274,61521153,60299577,85141432
Peak_144,0,14818645,14413848,13545694,12655273,12691650,11697119,11875233,0,5270997,5225601,4468455,4879193,4683201,5034104,4421469,0,3146889,3095128,3279963,1375718,3488999,2138266,0
Peak_145,0,4144455,0,0,0,0,0,0,0,38900531,6970654,18156452,0,0,0,39338774,0,0,0,0,0,0,0,16681213
Peak_146,0,0,0,0,0,0,0,0,0,0,0,0,0,0,0,0,0,0,0,0,0,0,0,14129427
Peak_147,0,11031132,9214208,7565198,8270040,7223564,6584214,7558203,0,0,0,0,0,0,0,0,0,0,0,0,0,0,0,6531643
Peak_148,0,0,0,0,0,0,0,0,0,0,0,0,0,0,0,0,0,0,0,0,0,0,0,3692820
Peak_149,0,16515836,18276595,14896009,12564921,12045445,9569580,9580755,0,0,0,0,39843906,14374013,29568836,0,0,19510993,30984511,17001194,2183344,28084704,38192806,21984821
Peak_150,0,0,0,0,0,0,0,0,0,0,0,0,0,0,0,0,0,3594323,0,0,0,0,0,0
Peak_151,3611352,8101120,9270973,10307726,8441432,8983580,8001823,8263655,0,18982066,23245233,20212216,19509219,20587314,16547881,16440673,0,18462502,20674290,22997500,1066228,21161931,24278665,25691936
Peak_152,0,0,0,0,0,0,0,0,0,4051004,0,3014826,0,3483892,3993303,3972114,0,0,0,0,0,0,0,0
Peak_153,0,0,0,0,0,0,0,0,0,5290647,7268406,6767724,9034021,6875778,8994423,6869321,0,0,6089025,0,0,0,0,0
Peak_154,16188133,2896553,5328034,4291083,14349373,8183872,7839137,3544477,1357092,7908466,6395123,7170614,9175895,7695571,5696615,9450798,1089399,8863847,7717340,9162715,0,12799794,8581569,7245617
Peak_155,0,0,0,0,0,0,0,0,0,0,0,0,0,0,0,0,0,4012625,0,3190559,0,0,0,0
Peak_156,0,12679998,17787980,12748795,26992575,26027659,21092815,19041039,0,27118471,26489161,25841363,28088732,25716995,26657951,26454126,0,23244213,24762255,24023535,4193947,27847292,23583288,27236843
Peak_157,0,0,0,0,0,0,2790747,0,0,0,0,0,0,0,0,0,0,0,0,0,0,0,0,0
Peak_158,22074471,23961521,28970913,14671278,28605165,28745305,26341251,26774632,5093112,20559003,19825234,22759377,22077997,22212227,22830369,22973761,5402883,18866541,22274899,21389821,0,19171151,20660341,18447739
Peak_159,0,0,0,0,0,0,0,0,0,0,0,0,0,0,0,0,0,0,0,0,3112202,0,0,0
Peak_160,100147964,79627161,99905986,55879568,75031768,68566980,55772412,61888668,32964181,51266047,43504834,57442409,51705370,43560076,50650648,47854488,27233345,33222686,47809509,45993965,18877323,44204348,41024745,36663253
Peak_161,3211115,44020442,47012541,41803631,44848168,46126957,44664829,43379004,1146920,18717120,19283287,19103439,19345319,18822570,18132437,19170913,0,11713732,12754329,12677515,7321902,12822924,11727550,13320017
Peak_162,19983185,37675262,40652333,35149698,25193816,29266573,25399318,26739831,7517907,43233095,45778918,47275971,42512985,42126084,40848982,42465414,4898986,48717565,52654936,51896235,21051179,50366680,47461628,52716022
Peak_163,0,0,0,0,0,0,0,0,0,0,0,0,0,0,0,0,2576230,0,0,0,0,0,0,0
Peak_164,0,68839321,69897897,64049101,64708455,68619688,65374127,63355374,0,17125499,17991385,17166260,16684970,16532882,17011152,16431465,0,10121279,10279776,10336330,6587011,10093960,10554192,10928716
Peak_165,0,775498556,559048193,526670580,454563406,495336358,459210026,479337012,0,48810834,55593774,49803450,57868808,57271178,54921093,58418820,0,27491700,28112611,30470379,13083765,29721677,31656447,41459518
Peak_166,93993378,548568297,390083983,373874335,337840079,339677910,318874560,347749371,24504603,61899758,66364286,73007457,71489484,65492607,71375215,67919477,21347562,40435541,56512141,53739342,21724259,50509798,48112412,53419054
Peak_167,33318095,17868962,22507349,17390793,17526368,16554091,13331961,15915599,7883733,13269432,11518810,16031355,13380772,11859683,12733090,13134342,8075362,8753899,12666496,12538465,0,13065541,11173376,6860107
Peak_168,0,11776941,12818734,11421617,12329924,12178910,10503269,11110226,0,0,6241887,6315979,7434337,7021008,6661731,6793324,0,0,0,0,0,0,0,1441419
Peak_169,0,148250376,152705276,141253083,143553230,154100643,150598110,145903261,0,71552596,76143540,72827689,72028800,74508009,70303156,72408888,0,42794631,45449621,47340924,19966604,44878442,44736492,58170451
Peak_170,0,40454132,30424913,29041912,20634914,22013280,20379004,20318095,0,7058159,8481422,5889441,10075953,10257737,8522463,10038333,0,5643638,5866193,5727744,0,6031844,5310539,3042004
Peak_171,0,51228802,52943603,48652229,51393096,54715065,50560150,52178515,1608431,26313431,26227950,25835185,26322078,25672959,25597235,26428721,2310839,14655860,17586773,15905672,5818803,19269527,14669197,13724773
Peak_172,0,0,0,0,0,0,0,0,0,0,0,0,0,0,0,0,2657086,0,0,0,0,0,0,0
Peak_173,0,36867813,38702797,33946679,27071421,25730204,23831584,23810502,406433,17792613,18187932,17583662,18492771,19362804,18197165,17805828,2961829,13337845,14534056,15251364,4251156,14527595,12286832,11554025
Peak_174,0,0,6000841,5000335,5854306,5972983,4822492,5580900,0,4887999,5998989,4690676,5692422,5237593,5460757,5205449,0,5380482,4636729,4725851,1139516,4597785,3705094,3314747
Peak_175,30270485,24988830,25236663,20508298,23905263,21838382,18677267,21333569,6760426,17340675,14293543,17992819,18158873,17196375,17864309,16717905,9774313,11740308,15750857,14938561,2975788,14806505,12274497,13484053
Peak_176,23624354,14907319,19053314,16104829,16942104,17535345,13986593,14794441,6338662,10970583,9905408,11791740,11792307,10132112,11672193,12343290,8927380,7819562,9632084,9703367,0,10744440,6922281,6230756
Peak_177,0,6117669,8658192,7367548,7565348,8282019,6391386,6978848,0,5642657,4356650,4295977,4591813,5753514,4382340,5584401,0,0,1893968,3147645,0,3832106,1255079,1723682
Peak_178,6016915,0,0,0,0,0,0,0,1502419,0,0,0,0,0,0,0,3756710,0,2159069,0,0,2033786,0,0
Peak_179,0,8875782,10889552,9961023,11374141,10394830,8827959,9896852,0,6362205,6631591,6270253,6905980,6735236,6278748,6734366,0,4043738,2370548,4615917,0,3359090,2366875,3698620
Peak_180,0,32409253,36527637,32475018,35787563,37492091,36420744,35570451,0,21057706,22030058,20557358,22509977,22474134,20482595,21809520,0,13109040,14429837,15144051,4729502,14118604,13474419,21190518
Peak_181,0,26758723,26731526,24542292,25940952,27294360,25619994,26543394,0,11728365,12262020,11403663,12302899,12445440,11892370,12559944,0,7484931,8307110,8118460,2555321,8333881,6501600,9736971
Peak_182,0,16435496,16885193,15686752,13599490,16159169,13582964,13953115,0,12284897,13183133,11439391,12717644,13413840,12178251,12907089,0,10171835,10624748,10882495,3440195,11641850,9623631,15526106
Peak_183,0,17376022,18259902,15858866,14745890,17511272,15271850,16268947,0,23288135,24127436,22747838,24236562,25165645,23354124,23941100,0,22210759,23763183,23704477,7910182,23971261,23362985,34315567
Peak_184,6005230,43054320,45907659,51628705,49266666,44848033,46056258,42819127,0,21819973,26750040,23053467,23366746,26780242,22946119,23003065,4509439,20710549,18313871,18301644,6165774,19078178,16418646,25138947
Peak_185,0,0,0,0,0,0,0,0,4519765,0,0,0,0,0,0,0,0,0,0,0,0,0,0,0
Peak_186,0,3965314,5110526,5793574,5535194,8191843,6278866,7078168,0,0,0,0,0,0,0,2540485,0,0,0,0,0,0,0,0
Peak_187,0,3700442,4668454,0,0,0,0,0,0,0,0,0,0,0,0,0,0,0,0,0,0,0,0,0
Peak_188,0,5104178,6631531,6292643,6780561,6822063,5955967,6093774,0,4546207,4762053,3986775,4638831,4955378,4659431,4733661,0,3137246,3201474,3482796,1100976,3485465,2694450,4573087
Peak_189,0,23859420,25602578,23296659,26058654,26082959,24485980,25583641,0,15899376,17020147,15713499,16561703,15587087,16111708,16994631,0,12154809,13811476,13124682,5093577,14018277,11297835,17530830
Peak_190,0,53191486,52924321,49996872,49594606,52331478,48979071,50242175,0,14816337,16859495,13935409,16219776,16291679,14855270,15569396,0,9053902,9199912,9601269,3583881,9857322,8189306,12104090
Peak_191,399145836,321185526,361749254,261020572,158916752,142252203,91367752,127795627,214154184,95184842,59789206,125737210,90740779,71775175,96465220,89505831,218490664,55908713,106412537,105301589,22979926,96727345,84588113,50421816
Peak_192,0,36419601,56755830,46425484,30363668,30019697,25137826,27474246,0,19592600,17726403,20993029,19534727,18098062,18117964,18335327,0,13008699,17661268,17343763,5051624,15415452,13979971,15620788
Peak_193,5168338,12792984,37493501,30691717,15438158,12726941,9465254,12561776,0,0,0,6379750,11500015,9252970,10731203,11660463,0,0,4878119,0,4200321,9414594,8085871,9346715
Peak_194,12203072,34355026,0,0,29591074,29211855,23643307,28686555,4321297,12055578,10848279,12866927,13503740,11567753,13405039,13182361,4220090,3338326,10363982,9939920,0,6821346,7770542,8369323
Peak_195,16848977,0,0,0,0,0,0,0,6033510,0,0,0,0,0,0,0,4460693,3671756,0,0,0,3994459,0,0
Peak_196,21019649,10318027,10679816,8359705,6004459,4960919,0,4295476,3774689,4394559,3404300,4520796,4714662,3690953,5120898,4284045,2660112,2879732,4694528,4021885,0,4575941,3658816,2701667
Peak_197,17494259,21436412,29054364,24709823,29655866,30571158,23076277,27688878,4571900,12979700,12278663,13259680,13785883,12500472,12452488,13352166,2689240,6596990,8417226,9511411,2112922,9213856,7562654,15179101
Peak_198,7147491,0,0,0,0,0,0,0,0,0,0,0,3079890,0,0,0,0,0,0,0,0,0,0,0
Peak_199,0,0,0,0,0,0,0,0,0,0,0,0,2231267,0,0,0,0,2116223,0,0,0,0,0,0
Peak_200,0,0,0,0,0,0,0,0,0,0,5036819,3685185,5188242,0,4884106,8213108,0,3307790,5448080,3930140,1264244,5897872,4010760,4447076
Peak_201,0,130762585,145885127,129770631,147929865,143938340,141224385,140440069,0,120876711,114899822,114105795,115220210,125420382,112733379,116177696,0,89511030,100507232,97221510,35508697,97571769,94056909,134712959
Peak_202,23239021,581345682,644856447,576093942,628448428,655360753,660179687,635486699,9530786,484656033,501442500,477551270,493796913,507777675,465680053,491348043,9724351,364380037,389498953,392302833,144755024,372881199,376644017,582770218
Peak_203,0,34699866,43103227,38622431,40400062,40676502,38106294,39357788,1109301,29237430,30050841,27930033,28690308,29773311,28550228,29045526,0,21206160,22901817,22995961,10505076,22143848,20890318,29719630
Peak_204,11321030,0,0,0,0,0,0,0,0,2365560,0,0,2612523,0,0,3822368,0,2559921,1536274,0,0,0,1457000,0
Peak_205,0,0,0,0,0,0,0,0,0,0,2280560,1391673,0,2319189,2691883,0,0,0,0,1773230,0,2495063,0,0
Peak_206,0,4693123,7851448,6490246,5747397,6268165,4171462,5438712,0,2273227,2378365,1374708,0,0,1965106,0,0,0,0,0,0,0,0,10184759
Peak_207,0,0,0,0,0,0,0,0,0,0,0,0,0,0,0,0,0,0,0,0,0,0,0,20971053
Peak_208,0,0,0,0,0,0,0,0,0,0,0,0,0,0,0,0,0,0,0,0,0,0,0,11791478
Peak_209,0,2985192,0,0,0,0,2338161,0,0,0,0,0,16306199,0,0,0,0,0,0,0,0,0,0,11889239
Peak_210,0,2772891,0,0,0,7109042,0,0,0,21246674,0,0,21343108,0,0,28492350,0,20585910,29582849,0,0,17030540,23262989,27011775
Peak_211,0,0,0,0,0,0,0,0,0,8099150,0,0,0,0,14278668,0,0,5887133,0,0,0,0,0,6367138
Peak_212,0,0,0,0,0,0,0,0,0,0,0,0,0,0,0,0,0,10948801,0,17609191,0,0,0,0
Peak_213,0,3449528,4856208,4385088,3749804,3765921,1808030,3958506,0,14921131,34553570,20605129,25231514,28065296,18561658,18640359,0,8667916,20126942,5796923,0,12484242,15085266,16529303
Peak_214,0,8927617,9523059,8812736,0,6245017,1997599,5050903,1534018,20461017,14251143,23371447,38342477,10749908,29799683,37358325,1505031,7157451,19033478,4950804,0,10876492,13413981,27444558
Peak_215,0,0,0,0,0,0,0,0,0,0,0,0,0,26059796,0,0,0,30833148,0,15308329,0,33600415,24318174,0
Peak_216,0,0,0,0,21419344,0,0,0,0,12683345,12421621,0,0,0,0,0,0,0,16668041,0,0,0,0,0
Peak_217,0,0,0,0,7161656,0,0,0,0,6889032,9243140,4879820,0,8342795,10322658,0,0,0,3264163,4672014,0,0,10342044,0
Peak_218,3395877,387128321,280003285,244714892,206055782,222894659,201348358,179431182,11080474,67678747,59427576,36798173,88959820,86413587,76081829,79722358,4170167,44630028,35817505,17940712,30557347,46212442,50956001,56880348
Peak_219,0,0,0,0,0,0,0,0,0,0,0,0,0,0,0,3442915,0,0,0,0,0,0,0,0
Peak_220,0,8868972,9529845,0,8880311,0,0,0,0,0,0,1681950,0,0,0,0,0,0,0,0,0,0,0,0
Peak_221,0,9020470,13048647,12396551,10605444,19224135,6297508,15770573,0,0,0,0,0,0,0,0,0,0,0,0,2963995,0,0,0
Peak_222,0,0,0,5444389,0,0,0,3419956,0,0,0,0,0,0,0,0,0,0,0,0,11180089,0,0,0
Peak_223,0,0,0,0,0,0,0,4007202,0,0,0,0,0,0,0,0,0,0,0,0,0,0,0,0
Peak_224,0,9718540,0,0,0,4173511,2478394,5829383,0,0,0,0,0,0,0,0,0,0,0,0,0,0,0,0
Peak_225,0,3791607,0,0,0,0,0,0,0,0,0,0,0,0,0,0,0,0,0,0,2393171,0,0,0
Peak_226,0,8362116,23423215,25328695,0,14246465,3074553,11204963,0,0,0,0,0,0,0,0,0,0,0,0,7541429,0,0,0
Peak_227,1845012,8526861,9405244,0,0,8153768,0,0,0,0,0,0,0,0,0,0,0,0,0,0,0,0,0,0
Peak_228,1830218204,232863239,352925483,214249863,163294024,144037643,76164575,115629559,189223646,101436602,66230970,120063476,98821427,74210243,101577358,91612871,216169422,48515760,105889565,87990514,31286973,93621885,85860327,69702991
Peak_229,0,38493356,47171810,39093562,40419236,36241981,21498119,38470475,12099981,27708108,22387565,17548264,29838415,25360880,25898027,27391981,0,16979666,18784889,11745668,13970206,21979361,19372138,21261981
Peak_230,0,0,0,31844942,0,0,0,0,0,0,0,0,0,0,0,0,0,0,0,0,0,0,0,0
Peak_231,0,0,0,0,0,0,0,0,0,0,0,0,0,0,0,0,1210717,0,0,0,0,0,0,0
Peak_232,0,0,0,0,0,0,0,0,0,0,0,0,0,0,0,0,2341961,0,0,0,0,0,0,0
Peak_233,18562205,0,0,0,0,0,0,0,0,0,0,0,0,0,0,0,0,0,0,0,0,0,0,0
Peak_234,23221639,18761127,25271139,18454105,20604745,18179752,9595116,16122921,0,13350678,13623650,9562554,16328408,14835426,16172303,14417424,1341673,12108037,8287639,5582225,5714525,11970442,11668674,14792167
Peak_235,0,10008019,10858598,8900884,10278580,9828183,4151542,9436227,0,0,0,0,0,0,0,0,0,0,0,0,0,0,0,0
Peak_236,22064904,0,0,0,0,0,0,0,0,6627927,5477345,1411856,6047018,9176144,5693539,5535634,0,0,1139765,0,0,0,0,3596307
Peak_237,0,0,0,0,0,0,0,0,0,0,0,0,0,0,0,0,0,0,0,0,0,0,0,0
Peak_238,0,24288306,25178287,23789772,24419859,25051074,16540246,23801530,826738,10027267,10018671,5349768,11041844,9938096,8724935,10141000,0,4718597,2579571,2860319,0,7077263,5459528,5315006
Peak_239,7012925,12875607,14994439,12820325,14242982,13844795,9212536,12572729,757616,11010121,11270350,8167233,10852790,11573897,11017699,12278253,1293011,7349751,7279045,7011255,4552766,9668497,8377852,10829337
Peak_240,1101665165,38065081,56979754,37728802,33918419,30941282,6046370,27458949,0,0,5046509,0,22882225,19475368,11726052,0,64082152,2532359,21244546,22651251,2365447,24355885,18084783,19535446
Peak_241,0,0,0,0,0,0,12552430,0,48707036,20945574,11436655,27612441,0,0,11492754,22657676,0,6897708,0,0,0,0,0,0
Peak_242,0,15304809,18391897,15251964,14390609,15994402,10322125,12647192,0,4517406,5241284,4456814,5578901,4862020,0,5065708,0,0,1702603,1113338,0,0,4011317,4656928
Peak_243,0,7663339,9890100,8280176,9025885,8660651,4357150,7067859,608298,4857535,5101235,4188039,5839745,5968628,0,4899183,4800513,0,0,0,0,0,0,3531915
Peak_244,0,0,0,0,0,0,0,0,2213358,0,0,0,0,0,0,0,0,0,0,0,0,0,0,0
Peak_245,31569996,7217067,7734728,6950355,6590901,6041323,3184569,4874177,1085156,5116641,4825814,4037553,5266217,4997726,5173053,5349184,4338185,2924322,3192044,3083255,0,4268697,4002865,4552868
Peak_246,8548794,0,0,0,0,0,0,0,0,0,0,0,0,0,0,0,0,0,0,0,0,0,0,0
Peak_247,20050070,9164314,11756142,9207736,10973861,9326430,6690055,8772174,0,6507564,7252726,6245678,7114159,6554461,7321676,7150798,0,3945280,4452287,3943677,1991557,6129329,5577598,7999257
Peak_248,0,0,0,0,0,0,0,0,0,2212998,2283842,1471628,2123702,2542415,2215151,2616340,0,1271741,0,0,0,0,0,2404117
Peak_249,0,14769890,16877313,15006446,15773187,16195836,14427583,13706314,0,12035161,13243357,11124051,12538298,13677823,12761245,12438630,0,9147961,9319361,9595848,4752531,10209669,10184608,14816211
Peak_250,0,0,0,0,0,0,0,0,0,0,0,0,1956634,0,0,0,0,0,0,0,0,0,0,0
Peak_251,0,2996097,2241237,2350764,2993667,2712016,2264767,2542006,0,2065923,2691698,1915384,2638769,3031397,3010669,2882180,0,918790,1623069,1582609,0,2125619,1969279,2402079
Peak_252,0,4579546,4921300,4419801,6016413,5604251,5623938,5695384,0,4103275,5499154,5243348,5828332,6166562,6071645,5999162,0,4279145,4870681,4570018,2220179,5046789,4698629,6475874
Peak_253,649387466,5660640,18661321,11229308,0,0,0,0,20685506,2034519,0,0,0,0,0,9760470,0,0,0,0,0,0,0,0
Peak_254,0,8417186,5924861,4468484,13456597,11235006,7395761,9771486,0,3227487,7077658,13816624,9933217,8084886,10173049,0,27627451,4448317,12069872,11262581,0,11800020,8240461,10365844
Peak_255,0,6665377,0,0,6588318,7024742,5536425,6753661,0,0,2838462,3563093,2995319,3048270,1068961,3196812,0,0,2174472,0,0,0,761718,2358932
Peak_256,4349022,0,0,0,0,0,0,0,0,0,0,0,0,0,2966579,0,0,0,0,0,0,0,0,0
Peak_257,8886176,0,0,0,0,0,0,0,0,0,0,0,0,0,0,0,0,0,0,0,0,0,0,0
Peak_258,0,7882984,8294718,7548454,10604447,10405459,11401253,12279939,0,7916268,9554347,9246790,10725208,10937454,11696505,10991408,1131416,8089487,8457394,8389479,3451240,8733846,9370120,12970966
Peak_259,0,7173284,4835332,4717782,2401769,2006322,0,0,0,0,0,0,0,0,0,0,0,0,0,0,0,0,0,0
Peak_260,0,5771960,0,2868777,0,0,0,0,0,0,0,0,0,0,0,0,0,0,0,0,0,0,0,0
Peak_261,0,4101763,4001511,3884812,3263430,3357519,2750664,2638405,0,2378158,2652693,2227668,2408944,2534139,2920266,3067872,744348,1947681,1522168,1906547,0,1638263,2118869,2334058
Peak_262,0,0,0,0,0,0,1337055,0,0,0,0,0,0,0,0,10455071,0,0,0,0,0,0,0,0
Peak_263,43800127,4979110,16247930,7155643,16285001,13521529,6881978,19395305,23904926,8313707,8477380,17971304,10291179,6919797,13887011,2296804,24818735,4637981,14095649,10161817,0,9588427,11727530,13191738
Peak_264,0,0,0,0,0,0,0,0,0,1799240,2550349,2248292,2167892,2845171,2341605,0,0,1762401,1755609,2064658,0,1665155,1781580,2984567
Peak_265,0,4833185,4994309,4451624,5633412,5214907,4993997,5030320,0,1568497,2601754,2201518,2131143,2847147,2171175,2321208,0,0,0,0,0,0,0,0
Peak_266,0,2666933,2596665,2714395,3346343,3066981,2777794,2611439,0,1926494,2341425,2516852,2118935,2864404,2586840,2563468,0,1953395,1706480,1895237,0,2051758,2126088,3634860
Peak_267,0,0,0,0,0,0,0,0,0,0,0,0,687770,0,0,0,0,0,0,0,0,0,0,0
Peak_268,281967283,9291101,11189008,9559413,9290318,9935479,7323725,8314908,9439149,3656765,5586945,10698091,6291833,5273617,7665464,3049379,15953929,3766371,6605961,7266151,0,6740590,6296676,8154609
Peak_269,0,0,0,0,0,0,0,0,0,0,0,0,0,0,0,4476041,0,0,0,0,0,0,0,0
Peak_270,5312954,0,0,0,0,0,0,0,0,0,0,0,0,0,0,0,0,0,0,0,0,0,0,0
Peak_271,0,0,0,0,0,0,0,0,2020272,0,0,0,0,0,0,0,0,0,0,0,0,0,0,0
Peak_272,4903242,0,0,0,0,0,0,0,1039685,0,0,0,0,0,0,1144745,1645079,0,1316918,1136287,0,0,1210346,1298601
Peak_273,0,0,0,0,0,0,0,0,0,797763,1029282,1343385,929411,1609216,1102060,1198977,0,1082982,1323284,1232539,0,1081559,1095901,1246223
Peak_274,0,6201648,5500579,5985318,6768252,7063861,7291448,6488288,0,4864380,5327303,5499666,5375383,5978099,5240613,5654195,0,3984556,4615771,4503312,1400837,4175167,4213149,6595250
Peak_275,2044472,16836920,15535519,16232604,17979797,18839217,18890567,17793702,1015225,8242529,9904182,9602746,9100097,10524897,9027264,9821884,0,6022439,7448615,6187783,1672401,5879198,6802586,7636654
Peak_276,0,0,0,0,4060694,3867106,3125882,3154325,0,1523510,2407633,1825134,2097342,2177222,2074999,2248879,1088658,0,1762787,1220122,0,0,0,1107496
Peak_277,0,2526529,2166218,2642868,2450148,2684697,2272770,2631104,0,1886204,2787146,2927991,2739309,3128684,2418942,2997648,0,2257468,2793237,2389682,0,1975268,1979473,3394652
Peak_278,0,2065296,0,0,0,0,0,0,0,0,1139266,0,0,1291208,0,911787,0,0,1024642,0,0,0,0,1153742
Peak_279,125526244,12478792,6569225,5734708,2977776,3086362,2104000,3923279,3927311,2379691,2235555,2976232,2953739,2101081,3236888,3786598,5052337,996936,3015433,2936304,0,1830150,3274205,3337786
Peak_280,648814,0,0,0,0,0,0,0,0,0,0,0,0,0,0,0,0,0,0,0,0,0,0,0
Peak_281,2182971,0,0,0,0,0,0,0,0,0,0,925213,1520280,1078356,1312601,1590181,0,0,0,0,0,0,1311603,1522141
Peak_282,6851656,0,0,0,0,0,0,0,0,0,0,0,0,0,0,0,0,0,0,0,0,0,0,0
Peak_283,0,5028432,4204698,3753177,1873506,3037423,3058680,2238630,0,1062788,0,1742469,1190224,0,0,0,0,0,0,0,0,0,0,0
Peak_284,0,3847698,3337227,2909792,4311757,3842739,3965143,3898666,0,2795177,3280636,3219480,2867034,2829183,3131767,3464423,0,1290679,1988515,2268885,0,1345265,1945364,2518181
Peak_285,0,0,0,0,0,0,0,0,0,0,0,1266204,1413370,880818,1905345,1012980,0,0,0,0,0,0,0,0
Peak_286,13526657,0,0,0,0,0,0,0,0,0,0,0,0,0,0,0,0,0,0,0,0,0,0,0
Peak_287,0,4930580,4879074,4042991,5149860,4876248,5107576,5581409,0,3755736,3989793,4351223,4726229,4350442,4545420,4365435,0,3055621,4192690,3851294,1161693,3296906,3860137,5184163
Peak_288,33095477,0,0,0,0,0,0,0,550590,0,0,0,191670,0,0,0,1340068,0,372144,434574,0,0,466709,287718
Peak_289,0,0,0,0,0,0,0,0,200739,0,0,0,0,0,0,0,0,0,0,0,0,0,0,0
