Compound Method,BLANK   E-2,,CTRL01   E-2,,REP01   E-2,,CTRL02   E-2,,REP02   E-2,,CTRL03   E-2,,REP03   E-2,,BLANK     E-2,,CTRL01     E-2,,REP01     E-2,,CTRL02     E-2,,REO02     E-2,,CTRL03     E-2,,REP03     E-2,
Name,RT,Resp.,RT,Resp.,RT,Resp.,RT,Resp.,RT,Resp.,RT,Resp.,RT,Resp.,RT,Resp.,RT,Resp.,RT,Resp.,RT,Resp.,RT,Resp.,RT,Resp.,RT,Resp.
Carbon dioxide,2.412,9799479,2.412,10101868,2.412,11473798,2.412,22032776,2.412,16088658,2.412,18718853,2.412,15898842,2.412,9735401,2.412,11472083,2.412,24529641,2.412,25862783,2.412,15127942,2.412,16220011,2.412,10167738
"4H-Pyran-4-one, 3,5-dihydroxy-2-methyl-",22.614,693,22.590,76560,22.590,3461285,22.590,943662,22.590,1253515,22.590,392810,22.590,3498000,22.614,12871,22.590,449418,22.590,3753364,22.590,1641319,22.590,1821229,22.590,936418,22.590,4153993
Methanethiol,2.721,2304,2.721,2249,2.721,26824,2.721,30918,2.721,57535,2.721,69956,2.721,136422,2.721,2112,2.721,9141,2.721,4960,2.721,48203,2.721,18836,2.721,109769,2.721,9344
Acetaldehyde,2.770,851652,2.770,1158749,2.769,3518138,2.770,10719412,2.769,3272306,2.769,3114293,2.769,2471198,2.770,730306,2.770,1035464,2.769,16387023,2.769,15616756,2.769,13063389,2.770,2788647,2.769,7186344
"Hexanoic acid, hexyl ester",23.142,280,,,23.126,220293,23.134,8493,23.150,1739,23.126,141,23.126,18331,23.134,1394,23.118,71,23.134,37294,23.150,7343,23.118,5759,23.150,1154,23.126,6826
Dimethyl sulfide,2.956,1593,2.956,13693,2.956,325749,2.956,411011,2.956,107967,2.956,60158,2.956,309218,2.956,5105,2.956,14466,2.956,1119570,2.956,567340,2.956,542559,2.956,89199,2.956,662047
"Butanoic acid, octyl ester",23.337,199,23.329,82,23.345,303183,23.345,6623,23.345,14596,23.337,2980,23.345,143712,23.354,336,23.362,1232,23.353,57809,23.345,6524,23.354,4422,23.362,620,23.337,18079
.+/-.-Tetrahydro-3-furanmethanol,23.451,154,23.459,76,23.427,192522,23.419,7632,23.418,7771,23.427,2861,23.427,33341,23.419,796,23.435,1342,23.418,57048,23.410,4756,23.418,1642,23.410,1363,23.426,16047
Acetone,3.290,31876,3.290,4094891,3.289,20920458,3.289,7596077,3.289,17240553,3.289,10934270,3.289,24144690,3.289,58270,3.289,5091646,3.289,8987329,3.289,2843211,3.289,8560767,3.289,14540636,3.289,13429330
"Acetic acid, methyl ester",3.387,3659,3.387,9762289,3.387,32946674,3.387,25295535,3.387,34629623,3.387,13509556,3.387,23215061,3.387,13273,3.387,20839128,3.387,30542321,3.387,28894405,3.387,35048614,3.387,31342957,3.387,32486081
Ethyl Acetate,3.874,38820,3.874,15610528,3.874,30598145,3.874,32731862,3.874,30287530,3.874,6028791,3.874,25026469,3.874,93302,3.874,12373156,3.874,31978482,3.874,31976728,3.874,32677971,3.874,19659036,3.874,33944213
"Butanoic acid, 2-methyl-, octyl ester",23.638,147,23.654,537,23.638,64876,23.638,14464,23.638,34366,23.646,3758,23.646,41425,23.662,1333,23.646,676,23.638,113326,23.613,8774,23.646,33819,23.646,2294,23.646,92806
Butanoic acid,23.987,45,,,24.020,220465,,,,,,,,,,,23.995,72,23.995,89552,23.987,203544,24.011,86351,,,,
"Butanoic acid, 3-methyl-, octyl ester",24.182,2021,24.207,18966,24.174,169953,24.174,73122,24.182,180699,24.206,30297,24.182,66619,24.198,10660,,,24.182,602305,24.182,288035,24.182,333298,24.198,52086,24.174,161182
"Silanediol, dimethyl-",24.280,26161221,24.280,21775668,24.280,15211601,24.280,12639550,24.279,11954586,24.279,10780664,24.280,11321761,24.280,25100925,24.280,16470692,24.279,14460337,24.279,10699954,24.280,10366232,24.280,9853150,24.279,10074338
Isopropyl acetate,4.004,3259,4.004,9277696,4.004,25837987,4.004,37654747,4.004,24547028,4.004,10400335,4.004,16345746,4.004,25329,4.004,13130973,4.004,45774375,4.004,46636396,4.004,44017221,4.004,18921381,4.004,45470848
Methyl propionate,4.110,34028,4.110,3308987,4.110,25862452,4.110,44834825,4.110,25518536,4.110,4222415,4.110,9195220,4.110,128863,4.110,4925684,4.110,44968583,4.110,44968583,4.110,44968583,4.110,10502081,4.110,44968583
"Propane, 2-ethoxy-",4.402,112781,4.402,7493406,4.402,6236940,4.402,6693708,4.402,7480279,4.402,7607225,4.402,9259577,4.402,81094,4.402,6857836,4.402,6743774,4.402,6728562,4.402,6595469,4.402,7870664,4.402,6729751
"Benzoic acid, ethyl ester",24.718,572,24.694,20240,24.686,135698,24.686,817418,24.686,72250,24.694,38186,24.686,79650,24.710,4433,24.694,32395,24.686,2653024,24.686,3621443,24.686,4137499,24.702,270801,24.686,1287753
"1-Octen-3-ol, methyl ether",24.946,410,25.003,165,24.986,28771,24.978,979,24.978,385,25.002,746,24.986,11579,24.962,168,24.954,927,24.994,4412,24.970,444,24.962,276,24.946,132,24.986,985
"Hexanoic acid, 2-methyl-",25.279,290,25.254,199,25.262,155759,,,25.279,50626,,,25.271,1457,25.238,190,,,,,25.271,190856,,,,,,
"Butanoic acid, 2-methyl propyl ester",25.474,115,25.449,278,25.474,35596,25.466,1494,25.474,926,25.474,456,25.466,7465,25.457,1,,,25.457,21049,25.465,2901,25.474,576,25.498,91,25.474,3138
"2(3H)-Furanone, 5-ethyldihydro-",25.644,757,25.636,5028,25.628,158240,25.636,34085,25.628,33703,25.628,6509,25.628,73859,25.644,3432,25.644,10218,25.628,234846,25.628,73052,25.636,60676,25.636,12542,25.628,129123
"Butanoic acid, pentyl ester",25.896,492,25.888,161,25.880,176466,25.888,4462,25.872,5023,25.863,1934,25.880,19409,25.888,525,25.904,1013,25.880,65285,25.880,10592,25.880,8687,25.864,208,25.888,11483
Ethanol,4.484,55484,4.484,1480952,4.483,20980704,4.483,34327156,4.483,16690563,4.483,1719429,4.483,8641412,4.484,96284,4.484,1747887,4.483,36334428,4.483,36704694,4.483,36276996,4.484,2658305,4.483,36486004
"Propanoic acid, ethyl ester",4.792,5954,4.792,359248,4.792,6259930,4.792,6002222,4.792,2404455,4.792,239443,4.792,1040011,4.792,11865,4.792,353362,4.792,23688901,4.792,18274859,4.792,21823020,4.792,500190,4.792,20698336
"Naphthalene, 1,2,4a,5,6,8a-hexahydro-4,7-dimethyl-1-(1-methylethyl)-",26.392,3298,26.367,16963,26.367,69692,26.367,59767,26.367,132845,26.375,36589,26.367,346146,26.375,22663,26.367,39011,26.375,71744,26.367,61367,26.375,69333,26.367,49365,26.375,208315
"Acetic acid, phenylmethyl ester",26.440,2967,26.440,17564,26.440,128203,26.440,188737,26.448,69880,26.440,40508,26.440,66055,26.449,5047,26.448,24557,26.440,125044,26.440,270208,26.440,145571,26.440,29394,26.440,179688
"Propanoic acid, 1-methylethyl ester",4.857,5624,4.857,314634,4.857,4497507,4.857,1964476,4.857,1550881,4.857,705568,4.857,1441056,4.857,11405,4.857,573479,4.857,12161355,4.857,6038324,4.857,9315422,4.857,1094821,4.857,7740106
Naphthalene,26.700,16327,26.684,40536,26.684,59671,26.684,52813,26.692,39389,26.692,27839,26.692,35075,26.692,27057,26.700,16937,26.700,49825,26.700,42688,26.692,41140,26.692,21157,26.700,35496
"Propanoic acid, 2-methyl-, ethyl ester",4.922,25528,4.922,384390,4.922,4278726,4.922,11343995,4.922,4019984,4.922,632362,4.922,1356738,4.922,85946,4.922,566443,4.922,31122221,4.922,25653986,4.922,24852365,4.922,1638092,4.922,23733700
"Propanoic acid, 2-methyl-, 1,2,3-propanetriyl ester",,,27.123,1236,27.147,65463,27.155,4281,27.139,991,27.163,880,27.147,13030,27.139,266,27.139,298,27.155,3241,,,,,27.123,301,27.147,1377
n-Propyl acetate,5.052,24443,5.052,502862,5.052,9327890,5.052,16294264,5.052,12708573,5.052,917665,5.052,3161881,5.052,90884,5.052,692755,5.052,24198349,5.052,25760386,5.052,30021425,5.052,2575480,5.052,20867425
2-Pentanone,5.101,25831,5.101,361987,5.101,13670337,5.101,13200916,5.101,10943461,5.101,1025913,5.101,3977299,5.101,96986,5.101,544847,5.101,27222020,5.101,22442697,5.101,26803384,5.101,2883443,5.101,18738566
"Oxime-, methoxy-phenyl-_",27.464,6070075,27.472,2539225,27.472,1410207,27.472,921204,27.472,897241,27.472,699071,27.472,831861,27.464,5547721,27.472,1233681,27.464,902766,27.472,763809,27.472,936503,27.472,627561,27.472,1028007
Methyl salicylate,27.691,6814,27.700,7889,27.691,33840,27.691,182513,27.691,25765,27.691,19676,27.691,23504,27.691,6232,27.691,11670,27.691,334595,27.691,1784518,27.691,322285,27.699,70658,27.691,378040
"4-Heptanone, 3-ethyl-",28.106,130,,,28.106,23361,,,28.105,321,28.130,313,28.114,7294,28.138,1435,28.097,328,28.130,4775,,,28.138,220,28.097,99,28.122,332
"Benzoic acid, heptyl ester",28.122,200,,,28.146,28464,28.162,1948,28.154,7441,28.154,1046,28.146,8985,28.179,1141,28.130,233,28.154,24473,28.146,15466,28.154,21723,28.154,820,28.162,19755
"Cyclotetrasiloxane, octamethyl-",5.182,4007901,5.182,2030271,5.182,1415970,5.182,1375169,5.182,1171604,5.182,1162114,5.182,1236493,5.182,4309021,5.182,1494399,5.182,2060060,5.182,1408344,5.182,1363365,5.182,1284993,5.182,1453087
"Hexanoic acid, anhydride",,,28.609,127,28.593,36887,28.585,2952,28.593,1791,28.593,1269,28.593,6521,28.601,357,28.577,489,28.601,2540,28.585,465,28.601,575,28.593,392,28.568,2021
"Butanoic acid, methyl ester",5.231,20466,5.231,10424056,5.231,29666475,5.231,7586476,5.231,20249308,5.231,19957732,5.231,23801162,5.231,57128,5.231,14198437,5.231,11251858,5.231,4305457,5.231,6997968,5.231,15711014,5.231,8465550
"Butanoic acid, 2-methyl-, methyl ester",5.678,4284,5.678,1383711,5.678,21097213,5.678,3427715,5.677,20359855,5.677,7169031,5.678,14812633,5.678,14090,5.678,11371085,5.678,20610999,5.678,3451826,5.678,21377673,5.678,11763639,5.677,19424312
"Cyclotrisiloxane, hexamethyl-",28.772,1230539,28.780,419203,28.772,208652,28.772,172541,28.763,49463,28.788,155906,28.772,156385,28.764,1241969,28.788,219505,28.780,214594,28.796,156721,28.772,180384,28.788,122762,28.772,57379
Hexanoic acid,30.136,568,30.145,1835,30.153,8979,30.161,9723,30.144,2485,30.136,314,30.193,9517,30.153,1620,30.177,865,,,,,30.161,24709,,,30.144,20683
Isobutyl acetate,5.710,30817,5.710,791157,5.710,30053662,5.710,14296566,5.710,26326269,5.710,1977230,5.710,18263891,5.710,137459,5.710,1037753,5.710,29463208,5.710,27743676,5.710,27222709,5.710,3068369,5.710,30913722
"1,1,3,3,5,5,7,7-Octamethyl-7-(2-methylpropoxy)tetrasiloxan-1-ol",30.396,164431,30.380,47894,30.388,27744,30.372,25472,30.396,19990,30.388,23049,30.396,24616,30.396,230171,30.372,18612,30.372,25759,30.396,28241,30.396,16080,30.380,18425,30.372,27512
Methyl isovalerate,5.848,19584,5.848,1931938,5.848,15582914,5.848,2423252,5.848,14366654,5.848,7999431,5.848,12940291,5.848,88048,5.848,3385754,5.848,4145635,5.848,1901274,5.848,6671238,5.848,7180569,5.848,5060197
4-Methylthiazole,,,30.965,238,30.981,13131,30.973,257,30.981,1945,,,30.973,1592,30.949,206,,,30.965,2244,30.973,211,30.965,73,30.997,294,30.981,281
Phenylethyl Alcohol,31.363,1473,31.363,3598,31.355,85672,31.355,60113,31.355,15697,31.347,9664,31.355,51772,31.355,7383,31.371,4358,31.363,962618,31.355,1078235,31.355,665919,31.355,161164,31.355,2050846
"2,6-Bis(1,1-dimethylethyl)-4-(1-oxopropyl)phenol",31.672,30938,31.664,53802,31.663,53073,31.655,61175,31.655,76322,31.663,84173,31.663,70167,31.655,118144,31.655,116898,31.663,174303,31.663,197459,31.663,219639,31.664,196030,31.663,247805
"Butanoic acid, ethyl ester",6.198,21487,6.198,5406184,6.197,32118945,6.197,33179274,6.197,19484236,6.197,3982286,6.197,20122883,6.198,111625,6.198,2490551,6.197,32275520,6.197,32809937,6.197,32328545,6.197,3583730,6.197,33414996
Isopropyl butyrate,6.287,29906,6.287,7108773,6.287,35627065,6.287,16811848,6.287,11913884,6.287,15423801,6.287,26398452,6.287,188542,6.287,7265675,6.287,39421128,6.287,20921984,6.287,18861166,6.287,10991883,6.287,26552595
"Butanoic acid, 2-methyl-, ethyl ester",6.563,6550,6.563,735493,6.563,9420731,6.563,24323006,6.563,9693706,6.563,1222887,6.563,3093905,6.563,17809,6.563,1429385,6.563,34682550,6.563,29219101,6.563,35634604,6.563,3735566,6.563,34018671
"Acetic acid, butyl ester",6.977,36267,6.977,960351,6.977,20138160,6.977,12097291,6.977,6070705,6.977,2278215,6.977,7839017,6.977,161098,6.977,885667,6.977,25065887,6.977,13687833,6.977,9498811,6.977,2342582,6.977,14581115
"Benzene, 1-propenyl-",32.119,153,32.102,104,32.110,19438,32.102,3415,32.118,1232,32.135,442,32.118,2574,32.118,315,32.102,340,32.118,81018,32.118,39104,32.118,9579,32.118,129,32.118,23550
"Butanoic acid, 3-methyl-, ethyl ester",6.888,8408,6.888,493163,6.888,9171956,6.888,11875422,6.888,5352539,6.888,880321,6.888,3220002,6.888,52910,6.888,308169,6.888,26191898,6.888,20490869,6.888,25256829,6.888,1147999,6.888,24965057
"Cyclopentasiloxane, decamethyl-  2",32.297,23699,32.313,27129,32.313,17274,32.313,8288,32.297,6425,32.321,4406,32.313,5918,32.313,62531,32.289,6040,32.313,10538,32.297,6437,32.321,7689,,,32.321,11560
"Pentanoic acid, 1-methylethyl ester",7.075,1875,7.075,51844,7.075,535754,7.075,340067,7.075,381109,7.075,231629,7.075,554659,7.075,11801,7.075,70369,7.075,1113704,7.075,574642,7.075,1189570,7.075,261177,7.075,1140155
"Propanoic acid, 2-methylpropyl ester",7.156,8513,7.156,40628,7.156,3186742,7.156,481155,7.156,967834,7.156,119591,7.156,586179,7.156,19212,7.156,61270,7.156,3577573,7.156,1078086,7.156,2000655,7.156,215780,7.156,2562016
"2-Propenoic acid, 3-phenyl-, methyl ester",32.452,65,32.419,200,32.427,40623,32.427,5976,32.419,21047,32.435,4659,32.419,16220,32.443,438,32.419,10857,32.419,70910,32.419,18019,32.419,50811,32.427,5476,32.427,44362
Phenol,33.662,37201,33.670,29087,33.662,50834,33.662,40087,33.662,47212,33.662,31713,33.654,42390,33.662,50716,33.662,26263,33.662,53537,33.662,67989,33.662,58131,33.662,28056,33.670,54535
Methyl valerate,7.294,9105,7.294,180468,7.294,971020,7.294,183971,7.294,424048,7.294,419165,7.294,606724,7.294,41585,7.294,359257,7.294,469751,7.294,185857,7.294,365911,7.294,293061,7.294,314948
"1-Propanol, 2-methyl-",7.587,21004,7.587,136810,7.586,5421881,7.587,1692129,7.586,3217176,7.586,343087,7.587,1971370,7.587,87713,7.587,157343,7.586,6636924,7.586,3621066,7.587,4172785,7.587,491105,7.586,4742844
"2(3H)-Furanone, 5-hexyldihydro-",36.992,15488,37.000,11530,36.992,709162,36.992,97626,36.992,31484,36.992,24600,36.992,240423,37.000,17610,36.992,12264,36.992,197408,36.992,42184,36.992,23224,36.992,11476,36.992,48880
"2-Butenoic acid, methyl ester, (E)-",7.806,4566,7.806,169246,7.806,2567171,7.806,856006,7.806,2241622,7.806,467660,7.806,1462187,7.806,16179,7.806,630498,7.806,2921104,7.806,764754,7.806,2525306,7.806,1773167,7.806,2445698
"1-Butanol, 3-methyl-, acetate",8.188,17069,8.188,1172784,8.188,34573096,8.188,25340813,8.188,24753719,8.188,5215331,8.188,16056531,8.188,51949,8.188,2023339,8.188,35133221,8.188,34283015,8.188,33537364,8.188,6982603,8.187,33488658
"Butanoic acid, 1-methylpropyl ester",8.440,5002,8.440,52344,8.439,742325,8.439,407199,8.439,345608,8.439,277382,8.439,540408,8.440,20779,8.439,108084,8.439,630272,8.439,388979,8.439,425530,8.439,279157,8.439,835640
"Nonanoic acid, ethyl ester",8.553,2850,8.553,16796,8.553,274241,8.553,226147,8.553,92125,8.553,29607,8.553,81796,8.553,8536,8.553,16120,8.553,1935175,8.553,625194,8.553,708031,8.553,41623,8.553,827231
"Butanoic acid, 2-methyl-, propyl ester",8.675,3097,8.675,8180,8.675,184269,8.675,281154,8.675,376830,8.675,25626,8.675,80475,8.675,4810,8.675,13967,8.675,1078963,8.675,416496,8.675,3100976,8.675,72092,8.675,726331
2-Butoxyethyl acetate,8.716,5137,8.716,20505,8.716,501687,8.716,235720,8.716,290160,8.716,45518,8.716,175401,8.716,7423,8.716,23488,8.716,1107358,8.716,400769,8.716,2236081,8.716,73017,8.715,731671
"Pentanoic acid, 4-methyl-, methyl ester",8.789,3139,8.789,84062,8.789,457116,8.789,64586,8.789,241149,8.789,182217,8.789,302058,8.789,8113,8.789,138641,8.789,181789,8.789,67910,8.789,158677,8.789,135866,8.789,173833
1-Butanol,8.927,22782,8.927,56906,8.927,1340294,8.927,867677,8.927,364410,8.927,69164,8.927,492295,8.927,29350,8.927,37617,8.927,1751613,8.927,855596,8.927,1065382,8.927,67191,8.927,671723
"Cyclopentasiloxane, decamethyl-  1",9.041,462669,9.041,476338,9.041,534200,9.041,492038,9.040,340877,9.040,2123915,9.041,900065,9.041,658219,9.041,440762,9.040,1606516,9.041,721662,9.041,465656,9.041,535816,9.040,470089
"Butanoic acid, 3-methyl-, propyl ester",9.114,2811,9.114,11468,9.114,289670,9.114,155229,9.114,360124,9.114,61970,9.114,206439,9.114,6899,9.114,16240,9.114,316663,9.114,186896,9.114,876014,9.114,91991,9.114,368492
"Butanoic acid, 2-methylpropyl ester",9.219,4125,9.219,102432,9.219,28133136,9.219,1129310,9.219,6845983,9.219,431283,9.219,9440738,9.219,22537,9.219,83824,9.219,13415716,9.219,2695037,9.219,2816064,9.219,371555,9.219,8501250
"2-Butenoic acid, ethyl ester, (Z)-",9.341,2366,9.341,149243,9.341,5573252,9.341,17928269,9.341,3114200,9.341,191052,9.341,1202888,9.341,19454,9.341,154104,9.341,28095276,9.341,16218042,9.341,19487438,9.341,728203,9.341,25746600
"2-Butenoic acid, 1-methylethyl ester",9.552,3303,9.552,151116,9.552,2004601,9.552,1816534,9.552,1166214,9.552,441494,9.552,1324114,9.552,32998,9.552,352047,9.552,4635406,9.552,1961560,9.552,2651224,9.552,1170465,9.552,4903342
"Hexanoic acid, 2-methylbutyl ester",9.634,15764,9.634,38906,9.634,1115213,9.634,365525,9.633,465093,9.633,101804,9.634,343199,9.634,30167,9.634,51133,9.633,1303167,9.633,854475,9.634,736419,9.634,106244,9.633,1237437
"Butanoic acid, 2-methyl-, 2-methylpropyl ester",9.723,4581,9.723,15158,9.723,2989858,9.723,259711,9.723,1875894,9.723,52503,9.723,593528,9.723,7700,9.723,23892,9.723,11020224,9.723,1354295,9.723,4297486,9.723,138456,9.723,6971174
2-Heptanone,9.894,14926,9.894,33231,9.893,1116368,9.894,288545,9.893,175804,9.893,107809,9.893,360571,9.894,30536,9.894,35911,9.893,1198906,9.893,319315,9.893,296272,9.894,81414,9.893,492611
"Hexanoic acid, methyl ester",10.015,26352,10.015,7643114,10.015,31716836,10.015,15309592,10.015,25307459,10.015,23281376,10.015,28546556,10.015,105241,10.015,10530714,10.015,15176936,10.015,9047567,10.015,7739160,10.015,10170204,10.015,9601743
Isobutyl isovalerate,10.154,1738,10.154,27628,10.153,4933073,10.153,217516,10.153,2749776,10.153,121080,10.153,1921546,10.154,7122,10.153,30284,10.153,4788132,10.153,642540,10.153,2057133,10.153,160268,10.153,4124874
"Butanoic acid, 4-pentenyl ester",10.267,2756,10.267,26574,10.267,298925,10.267,227832,10.267,207180,10.267,66152,10.267,153805,10.267,6618,10.267,37918,10.267,503830,10.267,260558,10.267,279951,10.267,90211,10.267,783875
"1-Butanol, 3-methyl-",10.738,12912,10.738,119689,10.738,4178472,10.738,2418899,10.738,2267725,10.738,589808,10.738,2116795,10.738,39488,10.738,201329,10.738,14044954,10.738,8569293,10.738,10248206,10.738,1141450,10.738,10932410
"Butanoic acid, 1-methylbutyl ester",10.836,8620,10.836,54776,10.836,1158614,10.836,328361,10.836,317033,10.836,333555,10.836,826711,10.836,26182,10.836,57850,10.836,768611,10.836,281756,10.836,219509,10.836,232139,10.836,438443
"1-Butanol, 2-methyl-",10.503,2244,10.690,99268,10.698,2878355,10.698,1497839,10.698,1763725,10.698,332633,10.698,1111581,10.292,51964,10.698,157793,10.698,8693203,10.698,4696604,10.698,6812732,10.698,787158,10.698,6223744
"Butanoic acid, butyl ester",10.974,6619,10.974,55991,10.974,5067491,10.974,538377,10.974,378379,10.974,227266,10.974,2108732,10.974,25404,10.974,50124,10.974,1360561,10.974,374755,10.974,281577,10.974,84590,10.974,416167
"1-Octene, 7-methyl-",11.323,14514,11.323,41838,11.323,445958,11.323,241272,11.323,209611,11.323,106077,11.323,226839,11.323,25679,11.323,61049,11.323,867467,11.323,480372,11.323,456171,11.323,86849,11.323,654972
"Hexanoic acid, 1-methylethyl ester",11.437,5816,11.437,1704653,11.437,31749871,11.437,29905557,11.437,7289254,11.437,5646538,11.437,14360959,11.437,69403,11.437,1021489,11.437,27879500,11.437,28506642,11.437,23720810,11.437,1815585,11.437,26109180
"2-Penten-1-ol, acetate, (Z)-",11.843,2982,11.843,33018,11.843,366898,11.843,424771,11.843,522165,11.843,77533,11.843,135736,11.843,6028,11.843,54657,11.843,415352,11.843,293195,11.843,278398,11.843,127129,11.843,853489
"Butanoic acid, 3-methyl-, butyl ester",11.916,1241,11.916,18598,11.916,1175945,11.916,214791,11.916,285304,11.916,112743,11.916,979655,11.916,7044,11.916,17802,11.916,856097,11.916,234301,11.916,349823,11.916,90428,11.916,608745
Styrene,12.095,9243,12.095,14258,12.095,6565602,12.095,2573688,12.095,237312,12.095,63766,12.095,368894,12.095,27586,12.095,28018,12.095,34668207,12.095,16269858,12.095,6251655,12.095,578736,12.095,3056458
"2-Heptanol, acetate",12.371,12517,12.371,33352,12.371,1159346,12.371,225616,12.371,274968,12.371,161763,12.371,678658,12.371,27949,12.371,53103,12.371,1390754,12.371,314810,12.371,303952,12.371,150975,12.371,690100
"Butanoic acid, 3-methylbutyl ester",12.436,3759,12.436,91454,12.436,8925764,12.436,987611,12.436,1536953,12.436,945693,12.436,5113135,12.436,22686,12.436,168276,12.436,7211540,12.436,2099534,12.436,2344183,12.436,669406,12.436,5373787
"Acetic acid, hexyl ester",12.656,4722,12.655,31127,12.655,5452660,12.655,937956,12.655,269597,12.655,100440,12.655,964183,12.655,15417,12.655,28713,12.655,6804626,12.655,1715120,12.655,764130,12.655,69163,12.655,1843677
"Acetic acid, nonyl ester",12.785,17507,12.785,31025,12.785,2739383,12.785,1010968,12.785,508637,12.785,247644,12.785,725744,12.785,145985,12.785,121796,12.785,4470089,12.785,1811220,12.785,1470565,12.785,365178,12.785,2076370
Acetoin,13.013,9081,13.013,16331,13.013,6079478,13.013,1443156,13.013,1289402,13.013,56985,13.013,2407448,13.013,19026,13.013,23356,13.013,9280722,13.013,1879892,13.013,5214044,13.013,80501,13.013,3406476
"2-Butenoic acid, hexyl ester",13.159,5491,13.159,11938,13.159,735727,13.159,148998,13.159,266544,13.159,60077,13.159,200581,13.159,27139,13.159,34053,13.159,863197,13.159,231843,13.159,283580,13.159,75968,13.159,578487
"2-Hexenoic acid, methyl ester",13.192,8221,13.192,23990,13.191,552900,13.191,149534,13.191,290538,13.191,106427,13.191,248257,13.192,31749,13.192,61887,13.191,509993,13.191,225117,13.191,326704,13.192,117625,13.191,327240
"Butanoic acid, 3-methyl-, 3-methylbutyl ester",13.362,2566,13.362,15967,13.362,697772,13.362,161887,13.362,454043,13.362,173521,13.362,1021944,13.362,11072,13.362,24588,13.362,1157110,13.362,294780,13.362,835238,13.362,193516,13.362,1868334
"4-Hexen-1-ol, (4E)-, acetate",13.760,2317,13.760,4479,13.760,59847,13.760,38548,13.760,14027,13.760,8043,13.760,16718,13.760,3442,13.760,3746,13.760,125246,13.760,156302,13.760,103402,13.760,8650,13.760,134553
"4-Hexen-1-ol, acetate",14.036,2425,14.036,47340,14.036,1584580,14.036,1811833,14.036,488499,14.036,247923,14.036,370077,14.036,8551,14.036,41965,14.036,2209227,14.036,2545702,14.036,1366134,14.036,358697,14.036,8908960
"Hexanoic acid, propyl ester",14.118,198,14.118,4238,14.117,215261,14.118,167777,14.117,101639,14.117,24439,14.118,87548,14.118,1758,14.118,3227,14.117,130048,14.117,123562,14.118,157779,14.118,9809,14.117,78652
2-Heptanol,14.231,7970,14.231,17325,14.231,451308,14.231,88114,14.231,70053,14.231,41463,14.231,146973,14.231,9003,14.231,15193,14.231,741178,14.231,139421,14.231,117957,14.231,30501,14.231,269735
"5-Hexene-1-ol, acetate",14.329,10933,14.329,15091,14.329,150802,14.329,77552,14.329,54638,14.329,31789,14.329,61051,14.329,16718,14.329,17080,14.329,185570,14.329,113200,14.329,99600,14.329,44636,14.329,286217
"Silane, diethyl(trans-4-methylcyclohexyloxy)undecyloxy-",14.499,215456,14.499,142893,14.499,149227,14.499,135999,14.499,122024,14.499,114259,14.499,121872,14.499,261785,14.499,115988,14.499,179567,14.499,140991,14.499,131440,14.499,106499,14.499,144458
"2-Hexen-1-ol, acetate, (E)-",14.573,10523,14.573,19814,14.572,565140,14.572,246207,14.572,138974,14.572,46456,14.572,252076,14.572,12882,14.572,18098,14.572,753594,14.572,1140582,14.572,517095,14.572,36485,14.572,1700120
"Propanoic acid, hexyl ester",14.759,2634,14.759,3907,14.759,296577,14.759,26550,14.759,14069,14.759,9406,14.759,55509,14.759,4279,14.759,5150,14.759,202144,14.759,44865,14.759,38781,14.759,8039,14.759,65723
"2-Hexenoic acid, ethyl ester",14.938,482,14.938,8853,14.938,391816,14.938,660997,14.938,154986,14.938,15378,14.938,66387,14.938,2524,14.938,5862,14.938,5552679,14.938,1691919,14.938,3027260,14.938,41963,14.938,2987800
"Propionic acid, 3-hydroxy-2-isopropylidene-",15.019,1177,15.019,10673,15.019,237724,15.019,121824,15.019,84986,15.019,37161,15.019,105884,15.019,5477,15.019,13823,15.019,933747,15.019,335236,15.019,554546,15.019,83796,15.019,658876
"Hexanoic acid, 2-methylpropyl ester",15.190,494,15.190,3361,15.190,2652404,15.190,147032,15.190,336981,15.190,28546,15.190,475467,15.190,7388,15.190,6691,15.190,1230199,15.190,443355,15.190,334299,15.190,47543,15.190,710272
1-Hexanol,15.279,5557,15.279,18617,15.279,11669277,15.279,1410253,15.279,319727,15.279,65254,15.279,1452997,15.279,23741,15.279,23817,15.279,8165505,15.279,3036219,15.279,2009660,15.279,104369,15.279,3573275
"Propanoic acid, 2-methyl-, hexyl ester",15.783,1101,15.783,2319,15.783,28452,15.783,6122,15.783,5991,15.783,5139,15.783,15219,15.783,2134,15.783,3108,15.783,17874,15.783,7852,15.783,7907,15.783,5929,15.783,10994
"Acetic acid, heptyl ester",15.848,8479,15.848,11747,15.848,75741,15.848,30886,15.848,27853,15.848,16018,15.848,31503,15.848,10643,15.848,12751,15.848,121194,15.848,62188,15.848,46225,15.848,17000,15.848,76201
CH3C(O)OCH(CH3)C(O)CH3,16.051,8040,16.051,12027,16.051,378354,16.051,87722,16.051,178695,16.051,18277,16.051,133243,16.051,10984,16.051,13554,16.051,254751,16.051,48659,16.051,103406,16.051,23159,16.051,226013
"3-Hexen-1-ol, (E)-",16.246,1689,16.246,11689,16.246,315431,16.246,310086,16.246,100455,16.246,33937,16.246,176377,16.246,4414,16.246,21560,16.246,407343,16.246,938276,16.246,626369,16.246,270962,16.246,2541653
"Octanoic acid, methyl ester",16.352,2082,16.351,13969,16.351,619898,16.351,246061,16.351,233060,16.351,107999,16.351,278360,16.351,4707,16.351,33175,16.351,257559,16.351,209052,16.351,94815,16.351,51274,16.351,163828
"Butanoic acid, 1-methylhexyl ester",16.676,2664,16.676,3190,16.676,153687,16.676,10740,16.676,11192,16.676,12217,16.676,61558,16.676,4516,16.676,3595,16.676,72705,16.676,13785,16.676,12403,16.676,7129,16.676,30952
"Hexanoic acid, 3-pentyl ester",16.766,606,16.766,1701,16.766,92054,16.766,24907,16.766,17094,16.766,17559,16.766,60236,16.766,1621,16.766,2493,16.766,70315,16.766,30719,16.766,19497,16.766,8508,16.766,39546
Methyl 2-(methylthio)acetate,16.863,365,16.863,817,16.863,38831,16.863,4948,16.863,12583,16.863,4725,16.863,23770,16.863,1022,16.863,2633,16.863,39687,16.863,6315,16.863,20025,16.863,17798,16.863,52290
Cyclohexanol,16.928,8722,16.928,9587,16.928,78298,16.928,44192,16.928,26514,16.928,11512,16.928,48257,16.928,8194,16.928,8149,16.928,61966,16.928,254243,16.928,95434,16.928,16529,16.928,329897
"Hexanoic acid, butyl ester",17.107,529,17.107,2263,17.107,332472,17.107,51321,17.107,18799,17.107,13459,17.107,92897,17.107,1726,17.107,2857,17.107,138856,17.107,46109,17.107,23261,17.107,5040,17.107,37105
"Butanoic acid, hexyl ester",17.188,1453,17.188,6118,17.188,4488016,17.188,142028,17.188,64691,17.188,35717,17.188,940815,17.188,9861,17.188,10613,17.188,1316942,17.188,159803,17.188,89754,17.188,20831,17.188,284846
"Butanoic acid, 2-methyl-, hexyl ester",17.546,559,17.546,3178,17.545,242616,17.545,49776,17.545,21955,17.545,8464,17.545,54045,17.546,1648,17.546,3778,17.545,782109,17.545,100552,17.545,120199,17.546,10234,17.545,197946
n-Octanoic acid isopropyl ester,17.692,8616,17.692,10476,17.692,59996,17.692,49764,17.692,28523,17.692,19507,17.692,36019,17.692,14406,17.692,13513,17.692,59506,17.692,52260,17.692,41791,17.692,19745,17.692,60693
"Octanoic acid, ethyl ester",17.781,1747,17.781,3200,17.781,192219,17.781,1514281,17.781,66682,17.781,16734,17.781,59135,17.781,4773,17.781,4717,17.781,1352703,17.781,2465702,17.781,363333,17.781,20031,17.781,814158
"Butanoic acid, 3-methyl-, hexyl ester",18.098,1670,18.098,3289,18.098,459404,18.098,31705,18.098,31875,18.098,14165,18.098,263957,18.098,3701,18.098,4412,18.098,365909,18.098,46479,18.098,47170,18.098,10051,18.098,184944
Isopentyl hexanoate,18.537,2921,18.537,5309,18.536,748775,18.537,161907,18.536,95595,18.536,69996,18.536,301044,18.537,7406,18.537,8455,18.536,904967,18.536,528456,18.536,283295,18.537,30234,18.536,609345
"Hydrazine, 1,2-dimethyl-",18.610,11156,18.610,11799,18.610,476819,18.610,526754,18.609,41322,18.610,25099,18.610,61186,18.610,26394,18.610,14227,18.610,2206078,18.610,1196157,18.610,1426721,18.610,103538,18.609,1541433
"Acetic acid, octyl ester",19.040,21395,19.040,25329,19.040,1510266,19.040,400973,19.040,390769,19.040,71644,19.040,568659,19.040,40418,19.040,26724,19.040,2026917,19.040,401764,19.040,371429,19.040,75704,19.040,979526
"Butanoic acid, 3-hydroxy-, methyl ester",19.219,14316,19.219,20572,19.219,87158,19.219,61791,19.219,69034,19.219,30718,19.219,43591,19.219,22354,19.219,30209,19.219,254747,19.219,116753,19.219,182146,19.219,55418,19.219,153459
"1-Hexanol, 2-ethyl-",19.568,44527,19.568,32319,19.568,71360,19.568,61412,19.568,39396,19.568,30339,19.568,35430,19.568,49772,19.568,24527,19.568,132535,19.568,85098,19.568,74235,19.568,31810,19.568,79701
"2,6-Dihydroxyacetophenone, 2TMS derivative",19.828,63405,19.828,45268,19.828,52574,19.828,44787,19.828,40114,19.828,37511,19.828,40091,19.828,75837,19.828,35860,19.828,66814,19.828,48349,19.828,47887,19.828,34401,19.828,52834
2-Mercapto-4-phenylthiazole,20.064,985019,20.064,505485,20.064,462659,20.064,388937,20.064,343730,20.064,291240,20.064,303509,20.064,856691,20.064,288415,20.064,536385,20.064,351788,20.064,376014,20.064,257535,20.064,364347
Ethylene glycol di-n-butyrate,20.218,1677,20.218,2330,20.218,289237,20.218,12316,20.218,24712,20.218,4242,20.218,59272,20.218,3602,20.218,3581,20.218,39678,20.218,7222,20.218,8701,20.218,3492,20.218,18295
Benzaldehyde,20.397,55493,20.397,41325,20.397,65987,20.397,94214,20.397,60151,20.397,38600,20.397,48088,20.397,71844,20.397,38890,20.397,176336,20.397,522834,20.397,326219,20.397,81433,20.397,222438
2-[(Trimethylsilyl)oxy]-2-{4-[(trimethylsilyl)oxy]phenyl}ethanamine,20.632,610502,20.632,285858,20.632,274185,20.632,232868,20.632,201288,20.632,179166,20.632,189276,20.632,547668,20.632,175763,20.632,348746,20.632,237481,20.632,236743,20.632,167558,20.632,244997
"5H-Naphtho[2,3-c]carbazole",20.795,178806,20.795,88636,20.795,78028,20.795,70703,20.795,58879,20.795,50008,20.795,53378,20.795,159621,20.795,53707,20.795,96405,20.795,62444,20.795,62584,20.795,48093,20.795,66071
"5-Decen-1-ol, acetate, (E)-",20.868,15278,20.868,13896,20.868,132086,20.868,24584,20.868,29465,20.868,16217,20.868,50187,20.868,12206,20.868,10957,20.868,86602,20.868,30370,20.868,35548,20.868,14905,20.868,53893
"2-Butanol, 3-methyl-, (S)-",21.055,8388,21.055,11724,21.055,203256,21.055,62753,21.055,50626,21.055,15331,21.055,60133,21.055,11625,21.055,10575,21.055,181057,21.055,354924,21.055,265737,21.055,27040,21.055,123303
Linalool,21.274,4714,21.274,26508,21.274,406574,21.274,288101,21.274,66314,21.274,97961,21.274,152786,21.274,12118,21.274,15076,21.274,520269,21.274,327721,21.274,249089,21.274,22001,21.274,220333
"Formic acid, octyl ester",21.632,4373,21.632,4615,21.631,206524,21.631,33698,21.631,34683,21.631,7852,21.631,64239,21.631,6040,21.631,4706,21.631,290141,21.631,64529,21.631,68612,21.631,7725,21.631,165967
"Phosphonoacetic Acid, 3TMS derivative",21.965,84968,21.965,43948,21.964,41615,21.964,30575,21.964,28214,21.964,25103,21.964,27721,21.965,77765,21.965,24889,21.964,42673,21.964,31041,21.964,36036,21.964,21463,21.964,33329
